[{"tag":"head","title":"校园卡政策对比","grey":"true"},{"tag":"p","head":" ","text":"   相信已经报道的新生同学一定已经发现，每一家运营商都推出了针对新生同学的手机卡。那么应部分新生的要求，Mr.Hope为你整理并对比一下，手机卡的政策。"},{"tag":"list","head":"运营商","content":[{"text":"中国联通","aim":"sim1"},{"text":"中国移动","aim":"sim2"},{"text":"中国电信","aim":"sim3"}]},{"tag":"foot","author":"Mr.Hope","time":"2019/4/9"}]