{"apartment0":{"keywords":["学校部门"],"title":"学校机构说明","desc":[]},"apartment1":{"keywords":["心理健康","心理咨询","情感","心理"],"title":"学生心理健康教育中心","desc":["学生心理健康教育中心简介","心理咨询服务安排"]},"apartment2":{"keywords":["学生工作部","学生处"],"title":"党委学生工作部","desc":["工作理念","机构设置"]},"apartment3":{"keywords":["校办"],"title":"学校办公室","desc":["工作职能","机构设置"]},"apartment4":{"keywords":["校团委","扬思网","B16"],"title":"校团委","desc":["机构设置","工作职能","官网","办事流程","相关文件"]},"apartment5":{"keywords":["后勤","报修","维修","班车","校车"],"title":"后勤管理处","desc":["机构设置","相关文件"]},"card0":{"keywords":["校园卡"],"title":"校园卡","desc":[]},"card1":{"keywords":["自助终端机","圈存"],"title":"自助终端机","desc":["校园卡自助终端机介绍","学校的自助终端机分布"]},"card2":{"keywords":["校园卡使用","校园卡激活"],"title":"新卡使用前准备","desc":["激活生活用水","修改密码","向校园卡储值"]},"card3":{"keywords":["补卡","补办卡","丢失卡","卡遗失","卡挂失"],"title":"校园卡丢失","desc":[]},"card4":{"keywords":["信息化办"],"title":"信息化办","desc":[]},"card5":{"keywords":["校园卡故障"],"title":"常见故障及解决办法","desc":["无法正常使用生活用水","无法正常使用直饮水机","洗浴不出水报错","无法在食堂或超市刷卡"]},"card6":{"keywords":["校园卡照片"],"title":"为何照片这么丑","desc":["为什么是这张照片！","照片为什么丑的不像话？","照片这么丑可以换么？"]},"card7":{"keywords":["校园卡功能"],"title":"校园卡","desc":["校园卡主要功能"]},"card8":{"keywords":["爱护校园卡"],"title":"爱护校园卡","desc":[]},"check0":{"keywords":["报道"],"title":"报到","desc":[]},"check1":{"keywords":["专业分布"],"title":"认准校区校门","desc":["请注意","校区地址"]}}