[
  {
    "tag": "head",
    "title": "图书馆开门时间",
    "shareable": true,
    "contact": true
  },
  {
    "tag": "title",
    "text": "本部校区"
  },
  {
    "tag": "img",
    "src": "https://pic.kuaizhan.com/g1/M01/91/99/wKjmqVl9qfmAbEZDAAA35Azp2Vw8569121/imageView/v1/thumbnail/640x0"
  },
  {
    "tag": "title",
    "text": "净月校区"
  },
  {
    "tag": "img",
    "src": "https://pic.kuaizhan.com/g1/M00/6E/5A/CgpQU1l9qfuAZQuUAAAdeHg8vEk7191896/imageView/v1/thumbnail/640x0"
  },
  {
    "tag": "foot"
  }
]