[
  {
    "tag": "head",
    "title": "其他服务",
    "shareable": true,
    "contact": true
  },
  {
    "tag": "title",
    "text": "WIFI"
  },
  {
    "tag": "p",
    "text": "   校园网Wifi全覆盖"
  },
  {
    "tag": "title",
    "text": "研究生厢"
  },
  {
    "tag": "p",
    "text": "   作用如其名，同学们可以在里面专心复习。本部图书馆地下一层、四层、五层、六层均有；净月校区图书馆四层、五层、六层均有。如果要使用研究厢必须提前去图书馆预定，僧多粥少，很多人大一或者大二就去预定，不然到了大三要准备考研的时候一般是轮不上的。"
  },
  {
    "tag": "title",
    "text": "存包柜"
  },
  {
    "tag": "p",
    "text": "   本部图书馆各楼层设有存包柜；净月校区三层、四层、五层各设有存包柜。输入密码即可使用，每晚闭馆前请取走所有贵重物品。"
  },
  {
    "tag": "title",
    "text": "远程借阅"
  },
  {
    "tag": "p",
    "text": " 1. 远程借阅服务，是指图书馆为读者提供在本校区图书馆借阅另一校区图书馆藏书的服务，它可以免去读者奔波于两校区图书馆之间的辛苦，方便读者更好地利用图书馆资源。\n 2. 提供远程借阅服务的必要条件是：①读者需要的另一校区图书馆的图书，本校区没有收藏。 ②读者需要的图书为可外借的图书。\n 3. 远程借阅服务的流程：①读者填写远程借阅申请单，提交给工作人员。②工作人员对申请单进行审核，符合条件的即申请成功。③工作人员在3个工作日后（周六、周日和节假日不计算在内），通过电子邮件将申请处理结果通知读者，读者可以在3个工作日后到所在校区图书馆远程借阅台或通过咨询电话了解借阅情况。④读者收到远程借阅成功的电子邮件后，4个工作日内到图书馆取书。\n 4. 远程借阅服务的相关注意事项： ①每位读者每次限申请册数不限。②此申请未处理完时，不得再次提交申请。③申请单上填写的信息必须准确无误。④读者成功提交申请3个工作日后（周六、周日和节假日不计算在内），应及时查收电子邮件；逾期不到申请地点取书的读者视为自动放弃申请。 ⑤读者通过电话查询申请处理结果，需准确提供“申请单号”。\n 5.远程借阅服务时间：服务时间：周一至周五 下午1：30—5：00"
  },
  {
    "tag": "foot",
    "author": "Mr.Hope",
    "time": "2019/8/10"
  }
]