[{"tag":"head","title":"图书馆","grey":true,"shareable":true,"contact":true},{"tag":"list","head":"图书馆","content":[{"text":"图书馆风貌","icon":"/module/icon/library.svg","aim":"library1"},{"text":"馆藏分布","icon":"/module/icon/bookCollection.svg","aim":"library2"},{"text":"图书馆开门时间","icon":"/module/icon/libraryTime.svg","aim":"library3"},{"text":"借书权限","icon":"/module/icon/checkOut.svg","aim":"library4"},{"text":"其他服务","icon":"/module/icon/service.svg","aim":"library5"},{"text":"注意事项","icon":"/module/icon/attentionItem.svg","aim":"library6"}]},{"tag":"foot","author":"Mr.Hope","time":"2019/4/13"}]