[{"tag":"head","title":"馆藏分布","shareable":true,"contact":true},{"tag":"title","text":"本部校区"},{"tag":"img","src":"https://pic.kuaizhan.com/g1/M01/6E/4F/CgpQU1l9prSAXSeJAABZblS3sG87598972/imageView/v1/thumbnail/640x0"},{"tag":"title","text":"净月校区"},{"tag":"img","src":"https://pic.kuaizhan.com/g2/M01/91/67/wKjmqlmDE_mAM9RxAABwbEJI6104290272/imageView/v1/thumbnail/640x0"},{"tag":"title","text":"图书馆馆藏分布"},{"tag":"img","src":"https://pic.kuaizhan.com/g1/M01/6E/59/CgpQU1l9qISATKcEAA_anR6DMbc6240540/imageView/v1/thumbnail/640x0"},{"tag":"foot"}]