[
  {
    "tag": "head",
    "title": "体育课说明",
    "shareable": true,
    "contact": true
  },
  {
    "tag": "title",
    "text": "课程设置"
  },
  {
    "tag": "p",
    "text": "   东师体育课多种多样，种类包括足球、篮球、网球、排球、乒乓球、羽毛球、健美操、攀岩、击剑、高尔夫等。可以根据学校给定的选课时间自行选择喜欢的课程。"
  },
  {
    "tag": "title",
    "text": "给分标准"
  },
  {
    "tag": "p",
    "text": " 平时成绩：20%；\n 期末成绩：30%；\n 体测成绩：50%。\n   所以说体测很重要，大家一定要多锻炼。"
  },
  {
    "tag": "title",
    "text": "其他要求"
  },
  {
    "tag": "p",
    "text": "   平时成绩包括校园跑。校园跑需要使用“运动世界校园”APP进行。男生要求每学期80公里，每天最多3公里，配速要求为每公里2分-8分；女生要求每学期60公里，每天最多2公里。配速要求每公里2分-10分。每次跑步需要至少一公里才能判定有效，跑步期间可以暂停，最多不超过30分钟。(更多详情会在之后更新)"
  },
  {
    "tag": "foot",
    "author": "Mr.Hope",
    "time": "2019/7/31"
  }
]