[{"tag":"head","title":"课程计划","shareable":true,"contact":true},{"tag":"title","text":"教育学部"},{"tag":"doc","docName":"教育学部本科课程计划.pdf","url":"https://mp.nenuyouth.com/file/education.pdf"},{"tag":"title","text":"政法学院"},{"tag":"doc","docName":"政法学院本科课程计划.pdf","url":"https://mp.nenuyouth.com/file/law.pdf"},{"tag":"title","text":"经济学院"},{"tag":"doc","docName":"经济学院本科课程计划.pdf","url":"https://mp.nenuyouth.com/file/economy.pdf"},{"tag":"title","text":"商学院"},{"tag":"doc","docName":"商学院本科课程计划.pdf","url":"https://mp.nenuyouth.com/file/business.pdf"},{"tag":"title","text":"文学院"},{"tag":"doc","docName":"文学院本科课程计划.pdf","url":"https://mp.nenuyouth.com/file/literature.pdf"},{"tag":"title","text":"历史文化学院"},{"tag":"doc","docName":"历史文化学院本科课程计划.pdf","url":"https://mp.nenuyouth.com/file/history.pdf"},{"tag":"title","text":"外国语学院"},{"tag":"doc","docName":"外国语学院本科课程计划.pdf","url":"https://mp.nenuyouth.com/file/foreign.pdf"},{"tag":"title","text":"音乐学院"},{"tag":"doc","docName":"音乐学院本科课程计划.pdf","url":"https://mp.nenuyouth.com/file/music.pdf"},{"tag":"title","text":"美术学院"},{"tag":"doc","docName":"美术学院本科课程计划.pdf","url":"https://mp.nenuyouth.com/file/art.pdf"},{"tag":"title","text":"数学与统计学院"},{"tag":"doc","docName":"数学与统计学院本科课程计划.pdf","url":"https://mp.nenuyouth.com/file/math.pdf"},{"tag":"title","text":"计算机科学与信息技术学院"},{"tag":"doc","docName":"计算机科学与信息技术学院本科课程计划.pdf","url":"https://mp.nenuyouth.com/file/computer.pdf"},{"tag":"title","text":"信息与软件工程学院"},{"tag":"doc","docName":"信息与软件工程学院本科课程计划.pdf","url":"https://mp.nenuyouth.com/file/information.pdf"},{"tag":"title","text":"物理学院"},{"tag":"doc","docName":"物理学院本科课程计划.pdf","url":"https://mp.nenuyouth.com/file/physics.pdf"},{"tag":"title","text":"化学学院"},{"tag":"doc","docName":"化学学院本科课程计划.pdf","url":"https://mp.nenuyouth.com/file/chemistry.pdf"},{"tag":"title","text":"生命科学学院"},{"tag":"doc","docName":"生命科学学院本科课程计划.pdf","url":"https://mp.nenuyouth.com/file/biology.pdf"},{"tag":"title","text":"地理科学学院"},{"tag":"doc","docName":"地理科学学院本科课程计划.pdf","url":"https://mp.nenuyouth.com/file/geography.pdf"},{"tag":"title","text":"心理学院"},{"tag":"doc","docName":"心理学院本科课程计划.pdf","url":"https://mp.nenuyouth.com/file/psychology.pdf"},{"tag":"title","text":"环境学院"},{"tag":"doc","docName":"环境学院本科课程计划.pdf","url":"https://mp.nenuyouth.com/file/environment.pdf"},{"tag":"title","text":"体育学院"},{"tag":"doc","docName":"体育学院本科课程计划.pdf","url":"https://mp.nenuyouth.com/file/PE.pdf"},{"tag":"title","text":"传媒科学学院"},{"tag":"doc","docName":"传媒科学学院本科课程计划.pdf","url":"https://mp.nenuyouth.com/file/media.pdf"},{"tag":"title","text":"马克思主义学部"},{"tag":"doc","docName":"马克思主义学部本科课程计划.pdf","url":"https://mp.nenuyouth.com/file/Marx.pdf"},{"tag":"title","text":"国际汉学院（海外教育学院）"},{"tag":"doc","docName":"国际汉学院（海外教育学院）本科课程计划.pdf","url":"https://mp.nenuyouth.com/file/international.pdf"},{"tag":"title","text":"纽瓦克学院"},{"tag":"doc","docName":" 东北师范大学罗格斯大学纽瓦克学院本科课程计划.pdf","url":"https://mp.nenuyouth.com/file/Newark.pdf"},{"tag":"foot","desc":"学院顺序来自东北师范大学教务处","author":"王一竹"}]