[{"tag":"head","title":"新生群一览","shareable":true,"contact":true},{"tag":"title","text":"东北师范大学19官方新生群"},{"tag":"img","src":"https://mp.nenuyouth.com/img/check/QRCode.jpg"},{"tag":"title","text":"各学院官方迎新群"},{"tag":"img","src":"https://mp.nenuyouth.com/img/check/QRCode1.png"},{"tag":"img","src":"https://mp.nenuyouth.com/img/check/QRCode2.png"},{"tag":"img","src":"https://mp.nenuyouth.com/img/check/QRCode3.png"},{"tag":"img","src":"https://mp.nenuyouth.com/img/check/QRCode4.png"},{"tag":"img","src":"https://mp.nenuyouth.com/img/check/QRCode5.png"},{"tag":"img","src":"https://mp.nenuyouth.com/img/check/QRCode6.png"},{"tag":"img","src":"https://mp.nenuyouth.com/img/check/QRCode7.png"},{"tag":"img","src":"https://mp.nenuyouth.com/img/check/QRCode8.png"},{"tag":"img","src":"https://mp.nenuyouth.com/img/check/QRCode9.png"},{"tag":"img","src":"https://mp.nenuyouth.com/img/check/QRCode10.png"},{"tag":"img","src":"https://mp.nenuyouth.com/img/check/QRCode11.png"},{"tag":"img","src":"https://mp.nenuyouth.com/img/check/QRCode12.png"},{"tag":"foot","author":"Mr.Hope","time":"2019/7/21"}]