[{"tag":"head","title":"所属专业","shareable":true,"contact":true},{"tag":"p","text":"   为了解决新生同学们不知道自己的专业属于哪个学院哪个校区的问题，Mr.Hope现收集各学院专业招生信息，整理如下："},{"tag":"title","text":"各学院招生专业如下"},{"tag":"p","head":"物理学院-本部","text":" · 物理学(公费师范)\n · 物理学(非公费师范)\n · 电子信息技术\n · 材料物理"},{"tag":"p","head":"数学与统计学院-本部","text":" · 数学与应用数学(公费师范)\n · 数学与应用数学(非公费师范)\n · 统计学"},{"tag":"p","head":"化学学院-本部","text":""},{"tag":"p","head":"马克思主义学部-本部","text":" · 思想政治教育(非公费师范)\n · 社会学\n · 哲学"},{"tag":"p","head":"外国语学院-本部","text":""},{"tag":"p","head":"历史学院-本部","text":""},{"tag":"p","head":"地理科学学院-本部","text":" · 地理科学公费师范\n · 地理科学\n · 城乡规划\n · 地理信息"},{"tag":"p","head":"生命科学学院-本部","text":" · 生物技术\n · 生物科学\n · 生物科学(公费师范)"},{"tag":"p","head":"文学院-本部","text":""},{"tag":"p","head":"心理学院-本部","text":" · 心理学(非公费师范)\n · 心理学(公费师范)"},{"tag":"p","head":"教育学部-本部","text":" · 教育学\n · 小学教育\n · 学前教育\n · 公共事业管理"},{"tag":"list","head":" ","content":[{"text":"本部校区校门介绍","icon":"/module/icon/gate.svg","aim":"check15"},{"text":"本部校区寝室介绍","icon":"/icon/tabPage/dorm.svg","aim":"dorm1"}]},{"tag":"p","head":"外国语学院-净月","text":" · 商务英语(电子商务)\n · 日语(师范类)\n · 俄语(师范类)"},{"tag":"p","head":"商学院-净月","text":""},{"tag":"p","head":"环境学院-净月","text":""},{"tag":"p","head":"经济学院-净月","text":""},{"tag":"p","head":"音乐学院-净月","text":""},{"tag":"p","head":"美术学院-净月","text":""},{"tag":"p","head":"传媒学院-净月","text":""},{"tag":"list","head":" ","content":[{"text":"净月校区校门介绍","icon":"/module/icon/gate.svg","aim":"check16"},{"text":"净月校区寝室介绍","icon":"/icon/tabPage/dorm.svg","aim":"dorm2"}]},{"tag":"foot","author":"Mr.Hope","desc":"学院顺序按照信息采集顺序，如有遗漏欢迎补充","time":"2019/7/22"}]