[{"tag":"head","title":"报到","grey":true,"shareable":true,"contact":true},{"tag":"list","head":"到校路线","content":[{"text":"认准校区和校门","icon":"/module/icon/gate.svg","aim":"check1"},{"text":"坐火车到校","icon":"/module/icon/train.svg","aim":"check2"},{"text":"坐飞机到校","icon":"/module/icon/plane.svg","aim":"check3"},{"text":"关于打车的提示","icon":"/module/icon/taxi.svg","aim":"check4"},{"text":"关于接站","icon":"/module/icon/pickup.svg","aim":"check5"}]},{"tag":"list","head":"需带物品","content":[{"text":"需带物品","icon":"/module/icon/good.svg","aim":"check7"},{"text":"校内外超市","icon":"/module/icon/shop.svg","aim":"check8"}]},{"tag":"list","head":"报到流程","content":[{"text":"报到流程","icon":"/module/icon/list.svg","aim":"check9"},{"text":"缴费相关","icon":"/module/icon/pay.svg","aim":"check10"},{"text":"绿色通道","icon":"/module/icon/greenTunnel.svg","aim":"check11"},{"text":"使用校园卡","icon":"/icon/tabPage/card.svg","aim":"card2"},{"text":"防盗防骗攻略","icon":"/module/icon/safe.svg","aim":"check14"},{"text":"体检、户口与其他","icon":"/module/icon/more.svg","aim":"check13"}]},{"tag":"foot","author":"Mr.Hope","time":"2019/06/23"}]