[{ "tag": "head", "title": "缴费相关", "shareable": true, "contact": true }, { "tag": "p", "text": "\n   报到时不需交学费和住宿费，开学后学校会从学校发的交行学子卡里扣除(免费师范生除外)，因此请在开学前将一年度的学费、住宿费足额存入学子卡中。(需要办理绿色通道的学生请携带“绿色通道证明”办理;申请国家助学贷款或生源地助学贷款的学生不需要存入相关费用，且在贷款金额发放前不要将个人生活费存入学子卡中。)\n 1. 家乡有交通银行网点的，请携带“太平洋学子卡”到当地交通银行的储蓄窗口办理存款手续(含长春市学生)。\n 2. 当地没有交通银行网点，可以到当地其他银行办理个人电汇手续并提供以下信息：学生姓名、交行学子卡卡号、开户行名(交通银行友谊支行)、大额支付行号(301241000272)。\n 3. 学生也可自带现金到学校，通过校区交通银行自动存取款机将学费、住宿费存入本人学子卡中，为安全和效率起见，请尽量不要选择现金方式缴费。(报到那两天使用校内交行ATM的人可能会比较多哦~)" }, { "tag": "foot", "author": "Mr.Hope", "time": "2018/08/22" }]