[{ "tag": "head", "title": "坐火车到校", "shareable": true, "contact": true }, { "tag": "title", "text": "长春站" }, { "tag": "p", "text": "   长春站有南北出站口。南出站口有直达本部校区的公交线路。但目前南出站口因地下广场施工不开放，去南广场只能在从北站口走出后，从北站口西侧的南北通道走过去。北站口有两个，分别西北角的B1和东北角的B2。在下火车进入出站地下通道时，头顶有告示牌注明自己即将到达的是哪个出站口。新生报到期间，会有专人接站。" }, { "tag": "list", "content": [{ "text": "到本部", "aim": "check17" }, { "text": "到净月", "aim": "check18" }] }, { "tag": "title", "text": "长春西站" }, { "tag": "list", "head": " ", "content": [{ "text": "去本部", "aim": "check19" }, { "text": "去净月", "aim": "check20" }] }, { "tag": "foot", "author": "Mr.Hope", "time": "2018/08/22" }]