[
  {
    "tag": "head",
    "title": "长春西站-到本部",
    "shareable": true,
    "contact": true
  },
  {
    "tag": "title",
    "text": "公交"
  },
  {
    "tag": "p",
    "text": "   159路到桂林路站，转乘25路、160路到动植物公园站。"
  },
  {
    "tag": "title",
    "text": "有轨电车-公交"
  },
  {
    "tag": "p",
    "text": "   乘坐55路有轨电车到工农大路站，到马路(一定要到马路对面，要不你就惨了)对面转乘80路到东北师范大学站下车。"
  },
  {
    "tag": "title",
    "text": "打车"
  },
  {
    "tag": "p",
    "text": "   约24元，40分钟左右。千万不要坐门口招揽客人那种“40一位”、“50一位”的黑车。请到出租车乘降点去坐车。"
  },
  {
    "tag": "foot",
    "author": "Mr.Hope",
    "time": "2019/07/17"
  }
]