[{"tag":"head","title":"关于接站","shareable":true,"contact":true},{"tag":"img","src":"https://mp.nenuyouth.com/img/check/pickup.jfif","desc":"图为接站人员"},{"tag":"p","text":"   校学生会会负责新生接站任务。接站的地点是在长春站北出站口(下火车正常出站即可)和长春西站，工作人员会举着“东北师范大学”的牌子在那里等着大家。接到大家后，工作人员会带大家到相关地点登记，之后将由工作人员统一带到停车场乘车。接站时学校配有统一的校车(新生手册上面所说的包车并不指这个)，学生、家长都可以上，不收取任何的费用，校车会将大家直接送往报到处。"},{"tag":"p","text":"   机场由于过远且人员数量较少学校不负责接送，建议自行购票乘坐动车到长春站(票价￥8)。"},{"tag":"list","content":[{"text":"机场动车","icon":"/module/icon/train.svg","aim":"check3"}]},{"tag":"title","text":"接站时间"},{"tag":"p","head":"2019年接站时间","style":"color:red;","text":"等待通知，通知发出后即会更新。"},{"tag":"foot","author":"Mr.Hope","time":"2019/7/21"}]