[{"tag":"head","title":"校内外超市","shareable":true,"contact":true},{"tag":"title","text":"本部校区"},{"tag":"p","head":"校内：","text":" 1. 北苑超市(较大)：北苑地下一楼。\n 2. 南苑超市(较小)：南苑食堂东南角。"},{"tag":"p","head":"校外-恒客隆：","text":"【路线1】从三舍旁的校门出发(动植物园公园对面)：\n 1. 步行：步行时间约22分钟，步行路程约1.6公里。\n 2. 公交：\n ①25路：05:30-21:10；1元，约20分钟。(体育场站上车，桂林路站下车)\n ②228路/218A路/238路：05:40-20:20；1元，约24分钟。(动植物公园站上车，同志街站下车)\n ③80路内环：05:48-18:30；1元，约22分钟。(体育场站上车，同志街站下车)\n ④218B路：06:40-19:50；1元，约37分钟。(动植物公园站上车，同志街站下车)\n【路线2】从正门出发：\n 1. 步行：步行时间约13分钟，步行路程约970米。\n 2. 公交——120路副B线/240路：\n   05: 50-18:00/06:00-19:50；1元，约23分钟。(自由大路站上车，同志街下车)"},{"tag":"title","text":"净月校区"},{"tag":"p","head":"校内：","text":" 1. 二食堂楼下(较大)\n 2. 浴池门口(较小)"},{"tag":"p","head":"校外-沃尔玛：","text":" 1. 步行(捷径)：从体育场旁边的小门出去，穿过小区，右转便是，大约10分钟路程。\n 2. 公交：\n ①120路副B线：05:50-18:00；1元，约23分钟。(东北师范大学站上车，吉林警察学院站下车)\n ②158路东环：06:00-18:30；1元，约31分钟。(吉林财经大学上车，迅驰广场下车)\n160路或轻轨三号线转158路东环：\n   05:30-18:00，2元(东北师范大学站上车，金屏街站下车)[160路]\n   06:00-21:00，2元(东北师大入口进，华桥外院入口出)[轻轨三号线]\n   06:00-18:30；1元，(净月大街站上车，迅驰广场站下车)[158路东环]\n   约29分钟。"},{"tag":"list","content":[{"text":"更多详情","aim":"life5"}]},{"tag":"foot","author":"Mr.Hope","time":"2019/7/21"}]