[
  {
    "tag": "head",
    "title": "轮滑场",
    "display": false
  },
  {
    "tag": "swiper",
    "url": [
      "https://mp.nenuyouth.com/img/nenuyouth.png"
    ]
  },
  {
    "tag": "title",
    "text": "简介"
  },
  {
    "tag": "p",
    "text": "轮滑场位于篮球场和网球场中间，每天傍晚夜幕降临之时，轮滑场就聚集起许多轮滑爱好者，多彩的灯光、行云流水的轮滑技术，令人赏心悦目。"
  },
  {
    "tag": "foot",
    "auther": "fy",
    "time": "2019/4/9"
  }
]