[
  {
    "tag": "head",
    "title": "保卫科",
    "display": false
  },
  {
    "tag": "swiper",
    "url": [
      "https://mp.nenuyouth.com/img/nenuyouth.png"
    ]
  },
  {
    "tag": "title",
    "text": "简介"
  },
  {
    "tag": "p",
    "text": "保卫科是负责校园安全的科室。为保障学生安全，保卫科会派巡逻车在校园内巡视，如发现或遭遇安全问题，请一定要拨打保卫科热线：85098110"
  },
  {
    "tag": "foot",
    "auther": "fy",
    "time": "2019/4/9"
  }
]