[
  {
    "tag": "head",
    "title": "小南门",
    "display": false
  },
  {
    "tag": "swiper",
    "url": [
      "https://gss0.bdstatic.com/-4o3dSag_xI4khGkpoWK1HF6hhy/baike/c0%3Dbaike80%2C5%2C5%2C80%2C26/sign=d27778e4ae6eddc432eabca958b2dd98/730e0cf3d7ca7bcbd6c5912ebd096b63f624a871.jpg"
    ]
  },
  {
    "tag": "title",
    "text": "小南门"
  },
  {
    "tag": "p",
    "text": "小南门位于田径场旁，附近有卖价格比较实惠的水果，还有很多人宵夜的不二之选——烧烤。"
  },
  {
    "tag": "foot"
  }
]