[
  {
    "tag": "head",
    "title": "八舍",
    "display": false
  },
  {
    "tag": "swiper",
    "url": "https://gss0.bdstatic.com/-4o3dSag_xI4khGkpoWK1HF6hhy/baike/c0%3Dbaike80%2C5%2C5%2C80%2C26/sign=d27778e4ae6eddc432eabca958b2dd98/730e0cf3d7ca7bcbd6c5912ebd096b63f624a871.jpg"
  },
  {
    "tag": "title",
    "text": "八舍"
  },
  {
    "tag": "p",
    "text": "东北师范大学八舍主要接纳文学院、地理科学学院以及化学学院的研究生入住。"
  },
  {
    "tag": "foot"
  }
]