[
  {
    "tag": "head",
    "title": "生命科学学院",
    "display": false
  },
  {
    "tag": "swiper",
    "url": [
      "http://sky.nenu.edu.cn/temp/b_banner2.jpg",
      "http://sky.nenu.edu.cn/temp/b_banner.jpg"
    ]
  },
  {
    "tag": "title",
    "text": "生命科学学院"
  },
  {
    "tag": "p",
    "head": "学院简介",
    "text": "东北师范大学生命科学学院原为东北师范大学生物系，建于1948年，1994年撤系建院。经过几十年的努力，生命科学学院已发展成了学科门类齐全、学术梯队结构合理、教学工作经验丰富、师资力量雄厚、科学研究成果丰硕，在国内生物学界具有重要影响的教学科研人才培养基地。学院由生物科学系、生物工程系、遗传与细胞研究所、草地研究所、国家草地生态工程专业实验室、电镜中心等单位组成。"
  },
  {
    "tag": "p",
    "head": "师资力量",
    "text": "在长期的发展和建设中，学院建立了一支力量雄厚具有较高的学术水平的教学、科研队伍，拥有了一批在国内外学术界有影响的专家和学术带头人。目前学院共有教职工109人，其中教师84人，包括38名教授、24名副教授、博士生导师35人、5名高级工程师，中科院院士2人、历任国务院学位委员会学科评议组成员1人、“长江学者奖励计划”特聘教授2人、“长江学者奖励计划”讲座教授2人、国家级突出贡献的中青年专家2人，国家杰出青年科学研究计划项目资助获得者1人，首批省管专家4名,国家教育部生物学教学指导委员会成员2名，吉林省有突出贡献的中青年专业技术人才7名。"
  },
  {
    "tag": "p",
    "head": "学科建设",
    "text": "在学科建设方面，形成了一批在国内学术界有较高地位的优长学科。细胞生物学、生态学被列入国家高等学校重点学科，草地生态学、细胞生物学是国家\"211 工程\"重点建设学科。拥有药物基因和蛋白筛选国家工程实验室、国家级生物虚拟仿真实验教学中心、生物基础实验教学示范中心、分子表观遗传学教育部重点实验室、植被生态科学教育部重点实验室、吉林省长白山天然药物化学与生物学重点实验室、吉林省动植物有效成分提取中试中心等一批国家级和省部级重点实验室，学院建有生物学博士后科研流动站。 "
  },
  {
    "tag": "p",
    "head": "人才培养",
    "text": "学院现有生物科学和生物技术2个本科专业。生物科学专业主要培养具备生物科学的基本理论、基本知识和较强的实验技能，能在科研机构、高等学校及企事业单位从事科学研究、教学工作及管理工作的专门人才；生物技术专业主要培养从事现代生物技术的研究、教学、开发以及相关工作的专门人才。2007年开始招收公费师范生，主要培养中等学校的骨干教师和学科带头人。学院为本科学生开设了动物学、植物学、动物生理、植物生理、分子生物学、生物化学、微生物学、细胞生物学、遗传学、生态学、基因工程、细胞工程、酶工程、发酵工程等专业基础课32门及专业选修课30余门。学校从两个专业当年新生中选拔部分学习优秀者入“基地班”学习，“基地班”实行学士-硕士-博士逐级分流连续培养。"
  },
  {
    "tag": "p",
    "head": "联系方式",
    "text": "吉林省长春市人民大街5268号\n邮政编码:  130024\n网管信箱：sky@nenu.edu.cn\nTel：(86－431)－85099590\nFax：(86－431)－85693965"
  },
  {
    "tag": "phone",
    "fName": "生命科学学院",
    "num": "(86－431)－85099590",
    "org": "东北师范大学",
    "street": "吉林省长春市人民大街5268号",
    "remark": "负责全校本科学生资助对象评定、资助项目评审及勤工助学等工作",
    "hostNum": "(86－431)－85693965",
    "postcode": "130024",
    "email": "sky@nenu.edu.cn"
  },
  {
    "tag": "foot",
    "desc": "来源：东北师范大学官网"
  }
]