[
  {
    "tag": "head",
    "title": "二舍",
    "display": false
  },
  {
    "tag": "swiper",
    "url": " http://mmbiz.qpic.cn/mmbiz/s67UCDghNJl7AkXPUvo98JIE41vhax8ib61vVjibIs0McE52pXGlAiaib9ysp988ZBx8yyr6cNSV1WOKyCn4C9IZJg/640?wx_fmt=jpeg&tp=webp&wxfrom=5"
  },
  {
    "tag": "title",
    "text": "二舍"
  },
  {
    "tag": "p",
    "text": "二舍主要接纳马克思主义学部和物理学院的研究生，一楼有校园快递服务中心——菜鸟驿站，对面就是北苑食堂。"
  },
  {
    "tag": "foot"
  }
]