[
  {
    "tag": "head",
    "title": "东北师范大学逸夫教学楼",
    "display": false
  },
  {
    "tag": "swiper",
    "url": [
      "https://mp.nenuyouth.com/img/nenuyouth.png"
    ]
  },
  {
    "tag": "title",
    "text": "东北师范大学逸夫教学楼"
  },
  {
    "tag": "p",
    "head": "简介",
    "text": "逸夫教学楼地处马克思主义学部的后面，靠近图书馆，是学校的公共教学楼之一，许多公共课、选修课就在此教学楼开展。"
  },
  {
    "tag": "foot",
    "author": "fy",
    "time": "2019/4/9"
  }
]