[
  {
    "tag": "head",
    "title": "历史文化学院",
    "display": false
  },
  {
    "tag": "swiper",
    "url": [
      "http://www.nenu.edu.cn/_upload/article/b0/08/49f1ba494496a37e3251d1bf2f9e/d79aef9a-d382-4140-9b0a-8dd09ae85a8b.jpg"
    ]
  },
  {
    "tag": "title",
    "text": "历史文化学院"
  },
  {
    "tag": "p",
    "head": "学院简介",
    "text": "历史文化学院前身为历史系，创建于1949年，是中国共产党汇聚延安、东北、京沪等地区的精英人才于东北地区创办的第一所专门培养历史教学与科研人员的学术机构。自创建以来，先后有杨公骥、郭守田、陈连庆、徐喜辰、张亮采、赵俪生、孙守任、林志纯、丁则民、刘祚昌、李洵、朱寰等史学名家执掌杏坛。"
  },
  {
    "tag": "p",
    "head": "师资力量",
    "text": "学院现有专任教师73人，其中教授30人（博士生导师25人、外籍教授3人）、副教授30人，讲师13人（截至2018年6月）。近年来，入选长江学者特聘教授2人、长江青年学者1人；百千万人才工程国家级人选1人；国家“万人计划”哲学社会科学领军人才暨文化名家与“四个一批”人才2人、青年拔尖人才1人；教育部新世纪优秀人才6人；吉林省长白山学者特聘教授4人。"
  },
  {
    "tag": "p",
    "head": "学科建设",
    "text": "学院始终坚持“务实求真、育人为本”的理念，推进科研与教学工作的内涵式发展。作为传统学术领域的世界上古史、世界中世纪史、美国史、明清史和文明史比较研究，依旧保持雄厚的研究基础和鲜明的学术特色；作为新兴学科的东亚史充分发挥地缘优势，以独特的研究视角和理念，引起了海内外学界的关注。2011年教育部历史学部的学科研究布局报告中，东北师范大学被确定为国内“古典学”和“东亚史”的重要研究机构。同时，先秦秦汉史、东北区域史、文化遗产保护与规划、史学理论与史学史、课程教学论、旅游教育等领域也取得了较大发展。陆续推出的“地域文明研究书系”、“西方古典学译丛”、“世界文明史研究丛书”等系列标志性成果，获得了学界的一致好评。"
  },
  {
    "tag": "p",
    "head": "人才培养",
    "text": "学院举办国际、国内学术研讨会，为学生提供良好的学术氛围。学生就读期间即曾在《历史研究》、《世界历史》、《史学理论研究》等学术期刊上发表高水平论文。1篇博士论文获全国优秀博士论文奖、3篇博士论文获全国优秀博士论文提名奖。连续多年在全国史学新秀大赛、教师技能大赛中取得优异成绩。多年来，学院毕业生一直是全国史学研究与基础教育领域的中坚力量，诸如朱绍侯、吴雁南、苑书义、詹子庆等一批早期毕业生更是蜚声海内外的知名学者。"
  },
  {
    "tag": "p",
    "head": "学术交流",
    "text": "为进一步推进国际化的发展道路，扩大学术交流。学院先后与日本东京大学、京都大学、国际日本文化研究中心、九州大学，美国俄亥俄州立大学、威斯康星大学、加利福尼亚大学、夏威夷大学，英国伦敦大学、伯明翰大学，加拿大埃尔伯塔大学，印度尼赫鲁大学，中国香港大学、香港中文大学、台湾大学、台湾师范大学等几十所海外知名学府建立了比较密切的学术交流关系。每年派出10余名青年教师、学生分赴海外留学或进修。同时，作为学术交流窗口，学院主办的古典学英文杂志 Journal of Ancient Civilizations及其中文版《古代文明》、《外国问题研究》，在中外学界也有着较为广泛的学术影响。"
  },
  {
    "tag": "p",
    "head": "联系方式",
    "text": "吉林省长春市人民大街5268号\n邮政编码:  130024\n网管信箱：sohac@nenu.edu.cn\nTel：(86－431)－85099418"
  },
  {
    "tag": "phone",
    "fName": "历史文化学院",
    "num": "(86－431)－85099418",
    "org": "东北师范大学",
    "street": "吉林省长春市人民大街5268号",
    "postcode": "130024",
    "email": "sohac@nenu.edu.cn"
  },
  {
    "tag": "foot",
    "desc": "来源：东北师范大学官网"
  }
]