[
  {
    "tag": "head",
    "title": "乒乓球馆、健美操俱乐部、室内篮球、排球馆",
    "display": false
  },
  {
    "tag": "swiper",
    "url": [
      "http://gym.nenu.edu.cn/images/1.3_01.jpg",
      "http://gym.nenu.edu.cn/images/1.2_01.jpg"
    ]
  },
  {
    "tag": "title",
    "text": "乒乓球馆、健美操俱乐部、室内篮球、排球馆"
  },
  {
    "tag": "p",
    "text": "四馆位于北苑食堂一楼半（一楼与二楼之间的高地），不过这些场馆都需要花钱，但价格都不贵。"
  },
  {
    "tag": "foot",
    "auther": "fy",
    "time": "2019/4/9"
  }
]