[
  {
    "tag": "head",
    "title": "三舍B",
    "display": false
  },
  {
    "tag": "swiper",
    "url": "https://pic.kuaizhan.com/g2/M00/80/6D/CgpQVFl9VwaACA9TAAMuiVK7duU4760298/imageView/v1/thumbnail/640x0"
  },
  {
    "tag": "title",
    "text": "三舍B"
  },
  {
    "tag": "p",
    "text": "住男生，共14层。入住外语学院英语系（包括公费师范生）、物理、文学、化学、地理、生科、数学、环境、教育、马部、历史、心理学院学生。有电梯3台。一楼有自助终端机；开门时间为5:30-22:30；供电时间：早5:30-8:30，中12:30-13:30，晚15:30-23:30（周一至周五）5:30-23:00（周六至周日）"
  },
  {
    "tag": "foot"
  }
]