[{"tag":"head","title":"化学学院","display":false},{"tag":"swiper","url":["http://www.nenu.edu.cn/_upload/article/27/20/b2e7c3114973b1394d638994bcb6/a540af09-2512-4e61-b922-06ec70efc446.jpg"]},{"tag":"title","text":"化学学院"},{"tag":"p","head":"学院简介","text":"东北师范大学化学学科创建于1948年10月，为原东北大学自然科学院化学系，1950年更名为东北师范大学化学系，1999年7月，化学系与分析测试中心合并成立东北师范大学化学学院。经过几十年的努力奋斗，学科建设有了长足进步，获吉林省十二五特色专业、第一批吉林省高等学校本科品牌专业、 吉林省高校重中之重立项建设学科，已成为我国培养高水平化学教师和科研人才的重要基地。"},{"tag":"p","head":"师资力量","text":"化学学院有一支数量充足结构合理的专任教师队伍，教学科研团队由具有国际视野、在学科领域有高知名度和学术影响拔尖人才（长江、杰青等）和有学术竞争力的青年骨干教师组成，保证了师资队伍的可持续发展。"},{"tag":"p","head":"学科建设","text":"学院具有化学一级学科博士点和博士后流动站，下设无机化学、有机化学、物理化学、分析化学和高分子化学等二级学科。无机化学的重点学科方向是多酸化学，以多酸科学教育部重点实验室为支撑平台；物理化学的重点学科方向是功能材料化学，以动力电池国家地方联合工程实验室为支撑平台；有机化学的重点学科方向是杂环合成化学，以吉林省有机功能分子设计与合成重点实验室为支撑平台；分析化学的重点学科方向是电化学，以分析测试中心为支撑平台；高分子化学则根据教师研究方向，分别归属各个支撑平台。 这些平台涵盖了学院所有化学二级学科。多年来，通过对这些学科平台的大力投入和建设，保障了各二级学科专业的快速和稳步发展。"},{"tag":"p","head":"人才培养","text":"学院人才培养的总目标是培养一流的化学专业人才和优秀的化学教师，并致力于培养学科拔尖创新人才和卓越化学教师。在这一目标指引下，学院采取有力措施，保证课程和教育教学质量，加强导师指导水平和力度，鼓励支持研究生开展国际交流，人才培养质量不断提高，先后培养出两名全国百篇优秀博士论文和四名优博论文提名奖获得者，以及多名吉林省优秀博士论文和唐敖庆奖学金获得者。学院每年都有相当数量的学生获得学校优秀研究生和优秀毕业研究生称号。学院培养的毕业研究生中有多人入选国家杰出青年、教育部长江学者、基金委优青、中组织部青年拔尖人才和青年千人等国家级人才；为我国教育事业培养一大批优秀管理者和化学骨干教师。"},{"tag":"p","head":"联系方式","text":"吉林省长春市人民大街5268号\n邮政编码:  130024\n网管信箱：chem@nenu.deu.cn\nTel：0431－85099667"},{"tag":"phone","fName":"化学学院","num":"0431－85099667","org":"东北师范大学","street":"吉林省长春市人民大街5268号","postcode":"130024","email":"chem@nenu.deu.cn"},{"tag":"foot","desc":"来源：东北师范大学官网"}]