[
  {
    "tag": "head",
    "title": "东北门",
    "display": false
  },
  {
    "tag": "swiper",
    "url": [
      "https://pic.kuaizhan.com/g2/M00/7B/F0/CgpQVFl63yKAX_eMABKbcZnJE1Q5356069/imageView/v1/thumbnail/640x0"
    ]
  },
  {
    "tag": "title",
    "text": "东北门"
  },
  {
    "tag": "p",
    "text": "这是离三舍最近的校门，正对着动植物公园门口，下车往左望分别就是三舍D、C、B、A，走两步就到了，所以很多同学打的回校都会让司机开到这个门。"
  },
  {
    "tag": "foot"
  }
]