[
  {
    "tag": "head",
    "title": "中通、韵达快递点",
    "display": false
  },
  {
    "tag": "swiper",
    "url": [
      "https://mp.nenuyouth.com/img/nenuyouth.png"
    ]
  },
  {
    "tag": "title",
    "text": "简介"
  },
  {
    "tag": "p",
    "text": "中通、韵达快递点位于幼儿园园长大楼后面、5舍寝室旁。这里经常是人来人往，为避免长时间排队，大家应尽量避免在午餐后、晚餐后等取快递高峰期取快递。"
  },
  {
    "tag": "foot",
    "auther": "fy",
    "time": "2019/4/9"
  }
]