[
  {
    "tag": "head",
    "title": "田家炳教育书院(教育学部)",
    "display": false
  },
  {
    "tag": "swiper",
    "url": [
      "http://edu.nenu.edu.cn/__local/6/DC/92/A983BE20946A7B8D4DB432AF56B_4AC1845B_F698.jpg"
    ]
  },
  {
    "tag": "title",
    "text": "田家炳教育书院(教育学部)"
  },
  {
    "tag": "p",
    "head": "学院简介",
    "text": "东北师范大学教育学部(以下简称“学部”)历经1951年始创的东北师范大学教育系和1994年成立的东北师范大学教育科学学院两个发展阶段，于2012年与校内其他机构整合而成。办学60余年以来，在以陈元晖、杨清、吴杰、王逢贤、梁忠义、郭占基、何寿昌、李桂林等先生为代表的一批老一辈知名学者的引领下，学部为我国各级各类教育机构培养了一大批优秀教师、领导干部和专家学者，是我国教育学科人才培养和学术研究的传统重镇之一。学部是支撑东北师范大学办学特色的核心机构之一，由21个教学、科研、培训和出版机构所组成。教育学院、教育管理学院、学前教育学院、初等教育学院是构成学部主干的专业性教学机构，国家基础教育实验中心、教育部人文社会科学重点研究基地东北师范大学中国农村教育发展研究院、国际与比较教育研究所、教育部东北师范大学基础教育课程研究中心、中国基础教育质量监测协同创新中心东北师范大学分中心等是国家教育部批准设立的专业性科研机构，教育部幼儿园园长培训中心、东北教育管理干部培训中心、教育部东北高师师资培训中心、教育部全国高校教师网络培训长春分中心是国家教育部批准设立的研训一体化机构，高等教育研究所、长春基础教育研究院、东北民族教育发展研究中心、基础教育质量监测与评价中心、家庭教育研究院、批判教育学研究中心等是挂靠学部的专业性科研机构，《外国教育研究》编辑部、《中小学教师培训》杂志社是国家教育部委托主办的专业核心期刊出版机构。"
  },
  {
    "tag": "p",
    "head": "师资力量",
    "text": "学部师资队伍结构优化。学部现有教职员工124人，其中教授28人、副教授37人、博士生导师31人、具有博士学位的教师占95.1%、具有外校学历的教师占38.1%，有“万人计划”哲学社会科学领军人才和青年拔尖人才2人、教育部“长江学者”特聘教授和青年学者4人、全国文化名家暨“四个一批”人才1人、国家级教学名师1人、国家“新世纪百千万人才工程”入选者1人、教育部“马工程”首席专家1人、教育部跨世纪/新世纪优秀人才6人、吉林省“长白山学者”特聘教授3人、宝钢优秀教师奖7人以及吉林省高校创新团队2个，在国务院学位委员会教育学学科评议组、教育部高等学校教学指导委员会、全国教育专业学位研究生教育指导委员会、中国教育学会、中国高等教育学会、中国学前教育研究会、中国教育发展战略学会等学术组织和决策咨询机构兼任重要职务者30余人。."
  },
  {
    "tag": "p",
    "head": "学科建设",
    "text": "学部学科专业实力雄厚。学部拥有教育学博士后科研流动站、教育学一级学科博士学位授予权和教育博士专业学位授予权，共覆盖15个博士、硕士学位授权点(含自主设置)和4个本科专业。其中，教育学博士后科研流动站为全国同类学科三家优秀博士后流动站之一，教育学原理为国家重点学科和国家级教学团队，小学教育为国家级特色专业和教育部“卓越教师培养计划”试点专业，农村教育为教育部人文社科重点研究基地和吉林省重大需求协同创新中心，教育学一级学科为吉林省“重中之重”立项建设一级学科和优势特色重点学科，在基础教育、农村教育、教师教育等学科领域具有较鲜明的优势特色，为国家重大教育政策的制定与咨询提供了强有力的学术支持。根据教育部2016年全国高校学科评估结果，学部教育学一级学科在全国位居A档、排名并列第三位。"
  },
  {
    "tag": "p",
    "head": "人才培养",
    "text": "学部教学与科研一体化发展水平较高。学部现有在校生1601人，其中本科生407人、博士硕士研究生1117人、留学生77人。近年来，毕业生就业率一直保持在100%。"
  },
  {
    "tag": "p",
    "head": "联系方式",
    "text": "地址：吉林省长春市人民大街5268号 \n 邮编：130024\n电话：0431-85099557\n电邮：fed@nenu.edu.cn"
  },
  {
    "tag": "phone",
    "num": "0431-85099557"
  },
  {
    "tag": "foot",
    "desc": "来源：东北师范大学官网"
  }
]