[
  {
    "tag": "head",
    "title": "超市",
    "shareable": true,
    "contact": true
  },
  {
    "tag": "title",
    "text": "超市位置"
  },
  {
    "tag": "p",
    "head": "本部",
    "text": "   兴学园超市位于北苑地下一层，售卖文体用品、水果、小食品、生活用品等。北苑超市物品齐全，基本想要的东西都可以在这里买到。超市支持刷校园卡、支付现金以及使用支付宝、微信、云闪付三种支付软件。兴学园超市为平价，价格与大型超市持平。\n   南苑1F也有一个私人开的超市，价格为普通零售价，较贵。主要售卖大众食品饮料以及常用生活用品等，东西不全。"
  },
  {
    "tag": "p",
    "head": "本部校外-恒客隆",
    "text": "【路线1】从三舍旁的校门出发(动植物园公园对面)：\n 1. 步行：步行时间约22分钟，步行路程约1.6公里。\n 2. 公交：\n ①25路：05:30-21:10；1元，约20分钟。(体育场站上车，桂林路站下车)\n ②228路/218A路/238路：05:40-20:20；1元，约24分钟。(动植物公园站上车，同志街站下车)\n ③80路内环：05:48-18:30；1元，约22分钟。(体育场站上车，同志街站下车)\n ④218B路：06:40-19:50；1元，约37分钟。(动植物公园站上车，同志街站下车)\n【路线2】从正门出发：\n 1. 步行：步行时间约13分钟，步行路程约970米。\n 2. 公交——120路副B线/240路：\n   05: 50-18:00/06:00-19:50；1元，约23分钟。(自由大路站上车，同志街下车)"
  },
  {
    "tag": "p",
    "head": "超市周边",
    "text": "   在北苑超市周围，坐落着其他店铺，以满足同学们的日常需求。有奶茶店、干果店、眼镜店、服装店、药店、移动运营店、电脑维修店、打印店、仿吾书店、ATM机以及自动取票机(吐槽一句：几乎从来不能用)等"
  },
  {
    "tag": "p",
    "head": "净月",
    "text": "净月超市位于校区二食堂一楼"
  },
  {
    "tag": "p",
    "style": "font-size:13px;",
    "text": "   身处本部的校会君希望好心人提供净月超市的照片和介绍。请戳右下角。"
  },
  {
    "tag": "p",
    "head": "超市周边",
    "text": "   净月净月超市周边包括干果店、打印店、水果店、饮品店、仿吾书店、眼镜店、服装店、药店、移动运营店、电脑维修店等。"
  },
  {
    "tag": "p",
    "head": "净月校外-沃尔玛",
    "text": " 1. 步行(捷径)：从体育场旁边的小门出去，穿过小区，右转便是，大约10分钟路程。\n 2. 公交：\n ①120路副B线：05:50-18:00；1元，约23分钟。(东北师范大学站上车，吉林警察学院站下车)\n ②158路东环：06:00-18:30；1元，约31分钟。(吉林财经大学上车，迅驰广场下车)\n160路或轻轨三号线转158路东环：\n   05:30-18:00，2元(东北师范大学站上车，金屏街站下车)[160路]\n   06:00-21:00，2元(东北师大入口进，华桥外院入口出)[轻轨三号线]\n   06:00-18:30；1元，(净月大街站上车，迅驰广场站下车)[158路东环]\n   约29分钟。"
  },
  {
    "tag": "title",
    "text": "ATM机位置"
  },
  {
    "tag": "p",
    "head": "本部",
    "text": "   区域位于学校超市旁，目前已有ATM入驻的银行有交通银行（可存钱）、中国邮政储蓄银行、中国农业银行、长春农业银行、中国建设银行等"
  },
  {
    "tag": "p",
    "head": "净月",
    "text": "   区域位于一食堂北边（靠近博硕路一侧），目前已有ATM入驻的银行有交通银行(可存钱) 、中国银行、中国建设银行、中国邮政储蓄银行、中国农业银行。另外，纽瓦克学院（行政楼）一楼也有交通银行取款机。"
  },
  {
    "tag": "foot",
    "author": "Mr.Hope",
    "time": "2019/7/23"
  }
]