[{"tag":"head","title":"洗浴","shareable":true,"contact":true},{"tag":"p","head":"洗浴(公共浴池)","text":"   东师的浴池是公共浴池，就是没有隔间没有帘子大澡堂。有阿姨或大爷可以为你搓澡(搓澡费小贵)。洗澡的时候把一卡通插在感应槽里就会出热水，不用时可以放在储卡槽(别忘了带走)。费用是￥0.05/20秒。"},{"tag":"p","text":"   如果插卡处顶部贴有白色小纸条，则表示该花洒无法使用。"},{"tag":"img","src":"https://mp.nenuyouth.com/img/life/bath1.jpg","desc":"浴池更衣间实拍"},{"tag":"title","text":"浴池位置"},{"tag":"p","src":"https://mp.nenuyouth.com/img/life/bath2.jpg","text":" 本部：学生八舍旁，幼儿园园长培训中心后侧(二楼可以自带吹风机吹头发)。","desc":"本部浴池"},{"tag":"p","head":"监督电话"},{"tag":"phone","fName":"监督电话","num":"85099915","org":"东北师范大学"},{"tag":"p","src":"https://mp.nenuyouth.com/img/life/bath3.jpg","text":"   净月校区浴池位于净月校区教师进修中心一楼。浴池内提供直饮水服务并免费提供电吹风。","desc":"净月浴池"},{"tag":"p","head":"浴池开、关门时间","text":" 本部：7:00-20:30\n 净月：7:00-20:30\n 假期等情况另行通知。"},{"tag":"p","head":"浴池检修时间","text":" 本部：每月15日、30日上午。\n 净月：每月第二周星期三。"},{"tag":"title","text":"校外浴池"},{"tag":"p","head":"本部","text":"   三舍东边就是吉林省雪立方摩尔运动中心有限公司，内部洗浴条件很不错，有隔间，带学生证可以打折，价格是洗浴￥18/人，搓澡￥12/人。"},{"tag":"p","head":"净月","text":"   身处本部的校会君期望好心人提供(请点击右下角右联系开发者)。"},{"tag":"foot","author":"Mr.Hope","time":"2019/6/19"}]