[
  {
    "tag": "head",
    "title": "二食堂",
    "shareable": true,
    "contact": true
  },
  {
    "tag": "img",
    "src": "https://pic.kuaizhan.com/g1/M01/6C/CC/CgpQU1l8VESANLrsAADDaSbHfIY8042344/imageView/v1/thumbnail/640x0"
  },
  {
    "tag": "title",
    "text": "二楼"
  },
  {
    "tag": "p",
    "head": "基本餐供应时间：",
    "text": "早 06:30—08: 30 (供应包子、饼、粥、豆浆等)；\n午11: 00—12: 30;\n晚 16:30—18: 00。\n米饭￥0.5/碗，素菜￥1-3/份，荤菜￥3-4/半份，吃一顿一荤两素的午晚餐大约是￥7，吃一顿小菜+包子+粥的早餐大概在￥5。"
  },
  {
    "tag": "img",
    "src": "https://pic.kuaizhan.com/g1/M01/6C/CD/CgpQU1l8VPKAOvxAAAm5Z6SiyYw5143137/imageView/v1/thumbnail/640x0"
  },
  {
    "tag": "title",
    "text": "三楼(营业时间：6:00-22:00)"
  },
  {
    "tag": "img",
    "src": "https://pic.kuaizhan.com/g2/M01/7F/49/CgpQVFl8VTuAcH7RAACnPGh4KvI9487017/imageView/v1/thumbnail/640x0",
    "desc": "二食堂三楼平面图"
  },
  {
    "tag": "img",
    "src": "https://pic.kuaizhan.com/g1/M00/6C/CD/CgpQU1l8VYeAM9CBAACglC87gOA6378496/imageView/v1/thumbnail/640x480"
  },
  {
    "tag": "img",
    "src": "https://pic.kuaizhan.com/g1/M00/90/0C/wKjmqVl8VYaAOwqJAADK5DXWcbE2854669/imageView/v1/thumbnail/640x480"
  },
  {
    "tag": "img",
    "src": "https://pic.kuaizhan.com/g1/M01/90/0C/wKjmqVl8VYaACleHAADKhum5Tao9037644/imageView/v1/thumbnail/640x480"
  },
  {
    "tag": "img",
    "src": "https://pic.kuaizhan.com/g1/M00/90/0C/wKjmqVl8VYSAebr_AAB4ILOTUj48596260/imageView/v1/thumbnail/640x480"
  },
  {
    "tag": "img",
    "src": "https://pic.kuaizhan.com/g1/M01/90/0C/wKjmqVl8VYWABsGVAACmFGO0dPc4438614/imageView/v1/thumbnail/640x480"
  },
  {
    "tag": "img",
    "src": "https://pic.kuaizhan.com/g1/M00/6C/CD/CgpQU1l8VYSAaI6gAACdOFKgzx43785589/imageView/v1/thumbnail/640x480"
  },
  {
    "tag": "img",
    "src": "https://pic.kuaizhan.com/g2/M01/81/07/wKjmqll8VhGACFAyAAzwRYn29-02862138/imageView/v1/thumbnail/640x0"
  },
  {
    "tag": "img",
    "src": "https://pic.kuaizhan.com/g1/M00/6C/D0/CgpQU1l8V46AEh-eAA0xSSlPcDs0040481/imageView/v1/thumbnail/640x0"
  },
  {
    "tag": "p",
    "head": false,
    "text": "二食堂三楼选择较多，口味也不错，可以自己一个人吃，几个人一起吃也可以点炒菜，价格适中，价位在7-15元左右，吃一顿饭平均需要10元。(还有插座可以充电或者在人少时自习)"
  },
  {
    "tag": "img",
    "src": "https://pic.kuaizhan.com/g2/M01/7F/4A/CgpQVFl8VV6AWWAKAADQA8Qfg147450008/imageView/v1/thumbnail/640x0"
  },
  {
    "tag": "foot",
    "author": "Mr.Hope",
    "time": "2019/4/9"
  }
]