[
  {
    "tag": "head",
    "title": "净月美食节",
    "shareable": true,
    "contact": true
  },
  {
    "tag": "img",
    "src": "https://mp.nenuyouth.com/img/dining/dining36.jpg"
  },
  {
    "tag": "img",
    "src": "https://mp.nenuyouth.com/img/dining/dining37.jpg"
  },
  {
    "tag": "img",
    "src": "https://mp.nenuyouth.com/img/dining/dining38.jpg"
  },
  {
    "tag": "img",
    "src": "https://mp.nenuyouth.com/img/dining/dining39.jpg"
  },
  {
    "tag": "foot",
    "author": "Mr.Hope",
    "time": "2019/4/9"
  }
]