[{"tag":"head","title":"北苑清真餐厅","shareable":true,"contact":true},{"tag":"title","text":"清真食堂"},{"tag":"img","src":"https://mp.nenuyouth.com/img/dining/dining14.jpg"},{"tag":"img","src":"https://mp.nenuyouth.com/img/dining/dining15.jpg"},{"tag":"p","head":"清真套餐","text":"价位：一荤两素大概平均价位在7、8元左右，两荤一素在9、10元左右。"},{"tag":"p","head":"其他","text":"自选麻辣烫，自选水果捞、炒面、炒饭"},{"tag":"p","head":"提供菜品","text":"￥6起"},{"tag":"p","head":"注意","text":"请不要带非清真类食品、非清真食堂的筷子餐盘等入内。"},{"tag":"foot","author":"Mr.Hope","time":"2019/6/27"}]