[
  {
    "tag": "head",
    "title": "开发日志",
    "grey": true
  },
  {
    "tag": "p",
    "head": "小程序简介：",
    "text": "独家主题接口与夜间模式接口；\n东师指南所有子界面实现动态加载，支持在线热更新\n动态弹窗通知；\n大部分界面支持分享。"
  },
  {
    "tag": "p",
    "head": "已知bug：",
    "text": "大屏显示仍在适配中"
  },
  {
    "tag": "p",
    "head": "暂无法实现实现的内容：",
    "text": "限制wx.request最大并发数；\nlogin界面布局动画异常；\n绩点计算器输入时键盘异常收起；\n绩点计算器夜间模式显示异常；"
  },
  {
    "tag": "p",
    "head": "等待官方改进才能实现的内容：",
    "text": "regionchange多次触发；\niOSpicker-view夜间模式异常；\nbutton的open-type；"
  },
  {
    "tag": "list",
    "head": "日志如下：",
    "content": [
      {
        "text": "alpha日志",
        "aim": "log1"
      },
      {
        "text": "V0.1开发日志",
        "aim": "log2"
      },
      {
        "text": "V0.2开发日志",
        "aim": "log3"
      },
      {
        "text": "V0.3开发日志",
        "aim": "log4"
      },
      {
        "text": "V0.4开发日志",
        "aim": "log5"
      },
      {
        "text": "V0.5开发日志",
        "aim": "log6"
      },
      {
        "text": "V0.6开发日志",
        "aim": "log7"
      },
      {
        "text": "V0.7开发日志",
        "aim": "log8"
      },
      {
        "text": "V0.8开发日志",
        "aim": "log9"
      },
      {
        "text": "V0.9开发日志",
        "aim": "log10"
      },
      {
        "text": "V1.0开发日志",
        "aim": "log11"
      },
      {
        "text": "V1.1开发日志",
        "aim": "log12"
      },
      {
        "text": "V1.2开发日志",
        "aim": "log13"
      },
      {
        "text": "V1.3开发日志",
        "aim": "log14"
      }
    ]
  },
  {
    "tag": "foot",
    "author": "Mr.Hope"
  }
]