[
  {
    "tag": "head",
    "title": "V 2.0更新日志",
    "grey": true
  },
  {
    "tag": "p",
    "head": "V2.0.0 2019.06.23",
    "text": "重构小程序\n更新编译基础库为2.7.2\n小程序现在拥有更好的性能"
  },
  {
    "tag": "p",
    "head": "V2.0.1 2019.06.25",
    "text": "部分问题修正\n初步完成小程序TS化"
  },
  {
    "tag": "p",
    "head": "V2.0.2 2019.07.10",
    "text": "完成小程序TS化\n初步兼容QQ小程序"
  },
  {
    "tag": "p",
    "head": "V2.0.3 2019.07.15",
    "text": "完全兼容QQ小程序\n完善QQ小程序的地图提示"
  },
  {
    "tag": "p",
    "head": "V2.0.4 2019.07.20",
    "text": "修复分享好友失效的问题"
  },
  {
    "tag": "p",
    "head": "V2.0.5 2019.07.21",
    "text": "添加天气模块"
  },
  {
    "tag": "p",
    "head": "V2.0.6 2019.07.22",
    "text": "完善iOS夜间模式"
  },
  {
    "tag": "p",
    "head": "V2.0.7 2019.07.22",
    "text": "引入自定义组件"
  },
  {
    "tag": "p",
    "head": "V2.0.8 2019.07.22",
    "text": "恢复安卓主题"
  },
  {
    "tag": "p",
    "head": "V2.0.9 2019.07.23",
    "text": "优化样式"
  },
  {
    "tag": "p",
    "head": "V2.0.10 2019.07.23",
    "text": "对QQ和微信环境进行判断，更好的进行兼容"
  },
  {
    "tag": "list",
    "content": [
      {
        "text": "历史更新",
        "desc": "点击查看",
        "aim": "log0"
      }
    ]
  },
  {
    "tag": "foot",
    "author": "Mr.Hope"
  }
]