[
  {
    "tag": "head",
    "title": "V1.3开发日志",
    "grey": true
  },
  {
    "tag": "p",
    "head": "V1.3.0 2019.04.12",
    "text": "完善体测计算器"
  },
  {
    "tag": "p",
    "head": "V1.3.1 2019.04.12",
    "text": "修复体测计算器成绩优于满分会计算为0的bug\n修复体测计算器忘记计算BMI的bug\n修复体测计算器将高年级及格定为60分的bug\n完善了体测计算器的分享逻辑"
  },
  {
    "tag": "p",
    "head": "V1.3.2 2019.04.14",
    "text": "为体测计算器的每一项加入具体分值\n修复一些可能导致成绩计算错误的bug"
  },
  {
    "tag": "p",
    "head": "V1.3.3 2019.05.13",
    "text": "修复了一些错误并提升了性能"
  },
  {
    "tag": "p",
    "head": "V1.3.4 2019.05.15",
    "text": "修复了一些错误并提升了性能"
  },
  {
    "tag": "p",
    "head": "V1.3.5 2019.05.31",
    "text": "修复了一些错误并提升了性能"
  },
  {
    "tag": "foot"
  }
]