[
  {
    "tag": "head",
    "title": "V0.9开发日志",
    "grey": true
  },
  {
    "tag": "p",
    "head": "V0.9.0",
    "text": "播放器界面美化；\n初步建立播放器播放逻辑；\n初步动态设置文字；"
  },
  {
    "tag": "p",
    "head": "V0.9.1",
    "text": "数个bug修复；\n字体显示效果优化；\n安卓段落在某些机型上显示异常的修复；"
  },
  {
    "tag": "p",
    "head": "V0.9.2",
    "text": "音乐播放器界面制作了进度条；\n关于界面报错修复；\n段落空格大小修复；"
  },
  {
    "tag": "p",
    "head": "V0.9.3",
    "text": "设计修改底层框架思路，完善预加载，减少界面启动速度；"
  },
  {
    "tag": "p",
    "head": "V0.9.4",
    "text": "引入wxpage并做初步调试；"
  },
  {
    "tag": "p",
    "head": "V0.9.5",
    "text": "modules引入preload；\n数个bug修复；\n重构setPage.js；"
  },
  {
    "tag": "p",
    "head": "V0.9.6",
    "text": "主页引入preload；\n数个bug修复；"
  },
  {
    "tag": "p",
    "head": "V0.9.7",
    "text": "暂时解决map载入异常的问题；\n修复主题和夜间模式切换的问题；\n初步压缩tab.js；"
  },
  {
    "tag": "p",
    "head": "V0.9.8",
    "text": "解决分享界面的问题；\n更改了text空格为ensp；\n修复了img模块desc失效的问题；"
  },
  {
    "tag": "p",
    "head": "V0.9.9",
    "text": "改变开发者模式中退出小程序的逻辑；\n合并了json加快下载速度；\n增加了精彩东师功能；"
  },
  {
    "tag": "p",
    "head": "V0.9.10",
    "text": "完善功能，重构了loading界面；\n改进了音律东师功能；\n改进了精彩东师功能；"
  },
  {
    "tag": "foot"
  }
]