[
  {
    "tag": "head",
    "title": "V0.5开发日志",
    "grey": true
  },
  {
    "tag": "p",
    "head": "V0.5.1",
    "text": "构建了出现错误显示的界面；\n改进了grid的显示效果；\n改进了微信主题下的分割线宽度；"
  },
  {
    "tag": "p",
    "head": "V0.5.2",
    "text": "创建了login界面并进行了初步设计；"
  },
  {
    "tag": "p",
    "head": "V0.5.3",
    "text": "初步改进了资源目录；\n增设了NENU主题；"
  },
  {
    "tag": "p",
    "head": "V0.5.4",
    "text": "尝试引入PubSub；"
  },
  {
    "tag": "p",
    "head": "V0.5.5",
    "text": "合并组件函数为cA；\n加入了map界面；"
  },
  {
    "tag": "p",
    "head": "V0.5.6",
    "text": "改进doc组件加载；\n加入json测试界面；"
  },
  {
    "tag": "p",
    "head": "V0.5.7",
    "text": "对map界面进行了简单的调试；\n去除了多余的log界面；"
  },
  {
    "tag": "p",
    "head": "V0.5.8",
    "text": "更改了fileList的json数据格式，缩小50%的体积加快加载速度；\n对check界面进行了简单的修复；"
  },
  {
    "tag": "p",
    "head": "V0.5.9",
    "text": "尝试启用部分更新功能；\n修复了初始化后设置主题不显示的问题；"
  },
  {
    "tag": "p",
    "head": "V0.5.10",
    "text": "重构了首页功能界面；\n在东师指南界面使用grid组件；\n在tab栏中加入了东青文创页；"
  },
  {
    "tag": "foot"
  }
]