[{"tag":"head","title":"有线上网","shareable":true,"contact":true},{"tag":"p","text":"   在使用有线网之前，请准备足够长的网线。"},{"tag":"p","head":"网线","text":"   寝室内的网线接口在进门左手或右手边的墙壁上，每个寝室设有4个网线接口(路由器端口)供同学们使用，距离床位有一段距离。这四个接口其实是寝室内安装的路由器的下行接口。如果寝室使用有线网络的人多于四个，不建议大家购买交换机。使用交换机会影响网速，增加延迟，和直接无线连接路由器就差不多了，所以直接使用Wifi即可。需要特别提示一下大家：网线需要自己买！校内购买略贵且网线质量不好可以考虑网购。"},{"tag":"img","src":"https://pic.kuaizhan.com/g3/65/c4/a443-0adf-4769-9265-91ed574a200d32","desc":"寝室所装路由器"},{"tag":"p","head":"网费","text":"   校内有线网是按时付费，价格为￥0.03/h，扣费时长计算精确到秒。可以在校内自助终端机内缴费，也可在东北师范大学企业号——【校园卡】栏目进行缴费。"},{"tag":"p","head":"Tips：","text":"   有线网络相对于无线网更加稳定，有爱好休闲游戏的新生建议使用有线网络。\n   对于玩在线多人游戏对网速及延迟要求较高的同学，请务必使用有线网。"},{"tag":"foot","author":"Mr.Hope","time":"2019/4/9"}]