[
  {
    "tag": "head",
    "title": "开发者访谈",
    "shareable": true,
    "contact": true
  },
  {
    "tag": "title",
    "text": "为什么要做“in东师”这样一个产品？"
  },
  {
    "tag": "p",
    "text": "   因为新生同学们到校之前是迷茫的，对自己即将生活四年的地方是不了解的。内心有录取的欣喜，也有即将离家的胆怯，更有对新校园生活的迷茫。\n   推出这样一个小程序，主要是想让新生同学们在来校前，就了解学校的方方面面。让同学们不在迷茫不在彷徨，以十足的状态，准备并迎接即将到来的校园生活。"
  },
  {
    "tag": "title",
    "text": "为什么叫“in东师”这个名字？"
  },
  {
    "tag": "p",
    "text": "   在东师，你可以得到成长，结交朋友，收获知识，感受快乐。在东师这个大家庭，你可以进一步靠近你的人生梦想。"
  },
  {
    "tag": "title",
    "text": "“in东师”是谁开发的？"
  },
  {
    "tag": "p",
    "text": "    “in东师”是基于校学生会以前立项并推出的“新生攻略网站2017版”，在此基础上，扩充并改编而成的。小程序的代码部分由Mr.Hope一人开发。在课余生活间，历时五个月学习并开发而成。小程序的页面部分现在也全部由Mr.Hope个人进行维护。"
  },
  {
    "tag": "foot",
    "author": "Mr.Hope"
  }
]