[{"tag":"head","title":"Hope Studio简介","shareable":true,"contact":true},{"tag":"title","text":"Hope Studio简介"},{"tag":"p","text":"   Hope Studio又称希望工作室，成立于2017年，是一家年轻、朝气、有活力有思想的工作室。工作室目前面向大众接受各类开发项目。"},{"tag":"p","head":"人员组成","text":" 工作室人数：1\n 工作室室长：Mr.Hope"},{"tag":"p","head":"工作室主要项目","text":"   Hope Studio从2016年以来就一直致力于服务东师学子，承包了“东师青年”微信公众号后台的所有功能维护与开发。主要内容有东师青年后台自动回复的设置，表白墙的维护，圈子集市的审核与管理等。"},{"tag":"p","head":"工作室地址","text":"吉林省长春市南关区人民大街5268号东北师范大学北苑餐厅3FB12"},{"tag":"foot"}]