[
  {
    "tag": "head",
    "title": "致谢名单",
    "shareable": true,
    "contact": true
  },
  {
    "tag": "title",
    "text": "页面编写"
  },
  {
    "tag": "p",
    "text": "   感谢陈旭、董雨馨、傅阳、林传舜、沈竞泽、苏炀、邱诗懿、王一竹、张霁月在界面编写、排版与订正上给予的无私帮助。"
  },
  {
    "tag": "title",
    "text": "图标制作"
  },
  {
    "tag": "p",
    "text": " 图标：梁艺馨\n 同时感谢张瀚文、刘嘉琦、陈梦昕提供其他图标方案。"
  },
  {
    "tag": "foot",
    "author": "Mr.Hope",
    "time": "2019/8/7"
  }
]