[{"tag":"head","title":"图书馆风貌","shareable":true,"contact":true},{"tag":"h3","text":"本部校区"},{"tag":"img","src":"https://pic.kuaizhan.com/g1/M00/91/8B/wKjmqVl9o86AdiOzACVS6fEfaqk9717953/imageView/v1/thumbnail/640x480"},{"tag":"img","src":"https://pic.kuaizhan.com/g2/M01/82/77/wKjmqll9o0qAbX4gADYNP26dmVA4704141/imageView/v1/thumbnail/640x480"},{"tag":"img","src":"https://pic.kuaizhan.com/g2/M01/82/77/wKjmqll9o0CAFLb-ACK_YihmMrk8054178/imageView/v1/thumbnail/640x480"},{"tag":"img","src":"https://pic.kuaizhan.com/g1/M00/91/8A/wKjmqVl9o6mAcQ0-ACxGWAvCpY46494864/imageView/v1/thumbnail/640x480"},{"tag":"img","src":"https://pic.kuaizhan.com/g1/M01/6E/4B/CgpQU1l9o2qAeBjaAClDf3UEGLE8056785/imageView/v1/thumbnail/640x480"},{"tag":"img","src":"https://pic.kuaizhan.com/g1/M01/6E/4B/CgpQU1l9o3OAPlceACmJjdgUPqU4215857/imageView/v1/thumbnail/640x480"},{"tag":"img","src":"https://pic.kuaizhan.com/g2/M00/80/BB/CgpQVFl9o32AThr6ADG2HsE349U7871543/imageView/v1/thumbnail/640x480"},{"tag":"img","src":"https://pic.kuaizhan.com/g2/M00/82/77/wKjmqll9o4WAYU3zAC29sXjEvkk2957731/imageView/v1/thumbnail/640x480"},{"tag":"img","src":"https://pic.kuaizhan.com/g1/M01/6E/4C/CgpQU1l9o8SAHEtIABs7yCHPELw7450049/imageView/v1/thumbnail/640x480"},{"tag":"img","src":"https://pic.kuaizhan.com/g2/M00/80/BC/CgpQVFl9o6CABe0BAC55WzI31fE0455712/imageView/v1/thumbnail/640x480"},{"tag":"img","src":"https://pic.kuaizhan.com/g2/M00/82/79/wKjmqll9pTKAYV8QAAJ6uC8MlJw9751194/imageView/v1/thumbnail/640x480"},{"tag":"img","src":"https://pic.kuaizhan.com/g1/M00/6E/4B/CgpQU1l9o66AUI7TABp6Xd1D0885305572/imageView/v1/thumbnail/640x480"},{"tag":"img","src":"https://pic.kuaizhan.com/g1/M00/6E/4D/CgpQU1l9pUuAE3POAAKW9YwUYP09766484/imageView/v1/thumbnail/640x480"},{"tag":"img","src":"https://pic.kuaizhan.com/g1/M01/91/8A/wKjmqVl9o76Abqa4ACnKlFKLcIE6883730/imageView/v1/thumbnail/640x480"},{"tag":"h3","text":"净月校区"},{"tag":"img","src":"https://pic.kuaizhan.com/g2/M00/82/77/wKjmqll9o5aAfpkjAADRAjrRHbU6051309/imageView/v1/thumbnail/640x480"},{"tag":"img","src":"https://pic.kuaizhan.com/g2/M01/82/77/wKjmqll9o5WAUGOWAAFougDG-fI3507326/imageView/v1/thumbnail/640x480"},{"tag":"img","src":"https://pic.kuaizhan.com/g2/M01/80/BB/CgpQVFl9o5SAYfctAAFKGBWBAq89721977/imageView/v1/thumbnail/640x480"},{"tag":"img","src":"https://pic.kuaizhan.com/g2/M00/80/BB/CgpQVFl9o5SAAU54AAEV5RGeR2s8747859/imageView/v1/thumbnail/640x480"},{"tag":"img","src":"https://pic.kuaizhan.com/g2/M00/80/BB/CgpQVFl9o5eAeTdbAAF4iH7z9007038757/imageView/v1/thumbnail/640x480"},{"tag":"img","src":"https://pic.kuaizhan.com/g2/M01/82/77/wKjmqll9o5eAEyx8AAE3-YmkKXU1356587/imageView/v1/thumbnail/640x480"},{"tag":"img","src":"https://pic.kuaizhan.com/g1/M00/91/8A/wKjmqVl9o6-AUWhCAADrxKe0oDs8678475/imageView/v1/thumbnail/640x480"},{"tag":"img","src":"https://pic.kuaizhan.com/g1/M01/91/8A/wKjmqVl9o66Af1irAADVcW9xxLQ8907384/imageView/v1/thumbnail/640x480"},{"tag":"img","src":"https://pic.kuaizhan.com/g1/M01/6E/4B/CgpQU1l9o62ATSkZAADd_tobRnY0822470/imageView/v1/thumbnail/640x480"},{"tag":"img","src":"https://pic.kuaizhan.com/g1/M01/91/8A/wKjmqVl9o6yACbijAAE8wJ_ODCg3108069/imageView/v1/thumbnail/640x480"},{"tag":"foot"}]