[{"tag":"head","title":"测试项目评分表","shareable":true,"contact":true},{"tag":"h3","text":" 体重指数（BMI）评分表"},{"tag":"img","src":"https://pic.kuaizhan.com/g2/M00/83/82/wKjmqll-mTyAYJE2AAASKhWA_kU6623104/imageView/v1/thumbnail/640x0"},{"tag":"h3","text":" 男生评分表"},{"tag":"img","src":"https://pic.kuaizhan.com/g1/M00/92/A7/wKjmqVl-nYWAZ1CvAADCQ8wv5GI2741369/imageView/v1/thumbnail/640x0"},{"tag":"h3","text":" 女生评分表"},{"tag":"img","src":"https://pic.kuaizhan.com/g1/M01/6F/68/CgpQU1l-nYiAWtT-AADFbb-Z8Fc0110985/imageView/v1/thumbnail/640x0"},{"tag":"h3","text":" 加分表"},{"tag":"img","src":"https://pic.kuaizhan.com/g2/M01/83/9E/wKjmqll-nmGACcohAAA4LQavD6o9023428/imageView/v1/thumbnail/640x0"},{"tag":"p","head":"注：","text":" 1. 引体向上、一分钟仰卧起坐均为高优指标，学生成绩超过单项评分100分后，以超过的次数所对应的分数进行加分。(也就是说你的成绩比满分还好的话，会给你总成绩额外加分，而且你的成绩在哪个分段间就取最高的分数)\n 2. 1000米跑、800米跑均为低优指标，学生成绩低于单项评分100分后，以减少的秒数所对应的分数进行加分。"},{"tag":"foot","author":"Mr.Hope","time":"2019/4/9"}]