[{"tag":"head","title":"学习","grey":true,"shareable":true,"contact":true},{"tag":"list","head":"奖学金","content":[{"text":"类型及评定时间","icon":"/module/icon/typeTime.svg","aim":"study1"},{"text":"特别说明","icon":"/module/icon/explanation.svg","aim":"study2"}]},{"tag":"list","head":"东师及专业排名","content":[{"text":"东师排名","icon":"/module/icon/nenuRanking.svg","aim":"study3"},{"text":"专业排名","icon":"/module/icon/majorRanking.svg","aim":"study4"}]},{"tag":"list","head":"本科课程设置","content":[{"text":"通识教育课程","icon":"/module/icon/usualCourse.svg","aim":"study5"},{"text":"专业教育课程","icon":"/module/icon/majorCourse.svg","aim":"study6"},{"text":"发展课程课程","icon":"/module/icon/developingCourse.svg","aim":"study7"},{"text":"绩点计算方法","icon":"/module/icon/calculate.svg","aim":"study8"},{"text":"本科课程计划","icon":"/module/icon/plan.svg","aim":"study19"}]},{"tag":"list","head":"选课","content":[{"text":"选课内容","icon":"/module/icon/content.svg","aim":"study9"},{"text":"选课流程","icon":"/module/icon/process.svg","aim":"study10"},{"text":"选课操作系统","icon":"/module/icon/operate.svg","aim":"study11"},{"text":"选课技巧","icon":"/module/icon/skill.svg","aim":"study12"}]},{"tag":"list","head":"体测","content":[{"text":"体测时间","icon":"/module/icon/bodyMeasureTime.svg","aim":"study13"},{"text":"测试项目及权重","icon":"/module/icon/item.svg","aim":"study14"},{"text":"测试成绩说明","icon":"/module/icon/grade.svg","aim":"study15"},{"text":"测试项目评分表","icon":"/module/icon/score.svg","aim":"study16"},{"text":"申请免测/缓测的条件及程序","icon":"/module/icon/condition.svg","aim":"study17"}]},{"tag":"list","head":"转专业","content":[{"text":"转专业实施办法及注意事项","icon":"/module/icon/attention.svg","aim":"study18"}]},{"tag":"list","head":"英语","content":[{"text":"分级考试","icon":"/module/icon/gradeExam.svg","aim":"study20"},{"text":"英语课程说明","icon":"/module/icon/English.svg","aim":"study21"},{"text":"四六级报考","icon":"/module/icon/CET.svg","aim":"study22"}]},{"tag":"list","head":"图书馆","content":[{"text":"图书馆风貌","icon":"/module/icon/library.svg","aim":"study23"},{"text":"馆藏分布","icon":"/module/icon/bookCollection.svg","aim":"study24"},{"text":"图书馆开门时间","icon":"/module/icon/libraryTime.svg","aim":"study25"},{"text":"借书权限","icon":"/module/icon/checkOut.svg","aim":"study26"},{"text":"其他服务","icon":"/module/icon/service.svg","aim":"study27"},{"text":"注意事项","icon":"/module/icon/attentionItem.svg","aim":"study28"}]},{"tag":"list","content":[{"text":"计算机二级","icon":"/module/icon/computer.svg","aim":"study29"}]},{"tag":"foot","desc":"icon添加：王一竹","author":"Mr.Hope","time":"2019/4/9"}]