[{"tag":"head","title":"申请流程","shareable":true,"contact":true},{"tag":"title","text":"资助申请流程"},{"tag":"p","head":false,"text":"入学后，学校统一组织资助对象认定，对于获得资助对象资格的家庭经济困难学生给予相应资助。"},{"tag":"title","text":"资助对象申请流程"},{"tag":"img","src":"https://mp.nenuyouth.com/img/subsidize/subsidize1.png"},{"tag":"title","text":"勤工助学岗位申请流程"},{"tag":"img","src":"https://mp.nenuyouth.com/img/subsidize/subsidize2.png"},{"tag":"foot","author":"Mr.Hope","time":"2019/6/27"}]