[{ "tag": "list", "head": "正式版开发日志", "content": [{ "text": "V1.0.5\n新增腾讯视频播放功能；" }, { "text": "查看更多", "url": "/pages/main/1.0" }] }, { "tag": "list", "head": "工作室与开发者介绍", "content": [{ "text": "   小程序全部内容均由Hope Studio独立开发。" }, { "text": "Hope Studio介绍", "aim": "MrHope0" }, { "text": "Mr.Hope个人介绍", "aim": "MrHope1" }, { "text": "   感谢陈旭、董雨馨、傅阳、林传舜、沈竞泽、苏炀、邱诗懿、王一竹、张霁月在界面编写、排版与订正上给予的无私帮助。" }, { "text": "问题反馈：请联系QQ1178522294或点击右下角并选择提交页面错误。" }] }, { "tag": "list", "content": [{ "text": "小程序功能太少？", "aim": "MrHope2" }] }]