[{ "id": 1, "src": "https://pic.kuaizhan.com/g3/5f/f0/1e5f-244d-4f9c-9af2-235bfd8657ae01", "name": "搪瓷杯", "desc": "浓郁老干部气息，泡茶必备", "price": 23, "url": "/shop/good?from=东青文创", "tag": ["儒雅", "高逼格", "古朴", "怀旧", "质感"] }, { "id": 2, "src": "https://pic.kuaizhan.com/g3/56/63/2505-c455-4a2b-8ddc-5e4ac53b4ca264", "name": "明信片", "desc": "一整套明信片+叶脉书签+定制钥匙扣+礼品袋", "price": 30, "url": "/shop/good?from=东青文创", "tag": ["2.5次元", "优美如画", "真实叶脉"] }, { "id": 3, "src": "https://pic.kuaizhan.com/g3/83/04/423a-2d48-4493-944a-31afeb69343f38", "name": "东师青年T恤", "desc": "青春活力范，各种尺码均有", "price": 66, "url": "/shop/good?from=东青文创", "tag": ["青春", "前卫"] }, { "id": 4, "src": "https://pic.kuaizhan.com/g3/27/a8/a952-9a9e-429e-bbdb-a4161a77ab5a81", "name": "东师姑娘帆布袋", "desc": "结实耐用", "price": 30, "url": "/shop/good?from=东青文创", "tag": ["文艺", "怀恋"] }, { "id": 5, "src": "https://pic.kuaizhan.com/g3/fc/9d/4ed5-8e12-4383-9702-e684cf346d6660", "name": "印章", "desc": "手工雕刻，独居匠心", "price": 45, "url": "/shop/good?from=东青文创", "tag": ["纯手工", "独一无二", "木质"] }, { "id": 6, "src": "https://pic.kuaizhan.com/g3/56/4b/dda8-c7f1-40a1-9fd9-8630e3dcc61871", "name": "钥匙扣", "desc": "来把母校捧在手心里", "price": 8, "url": "/shop/good?from=东青文创", "tag": ["掌心里的温暖", "亚克力钻石"] }, { "id": 7, "src": "https://pic.kuaizhan.com/g3/04/50/c261-6cfc-47f9-9026-7cc58a44afe237", "name": "叶脉书签", "desc": "拿起它就拿起了东师的四季", "price": 8, "url": "/shop/good?from=东青文创", "tag": ["梦幻", "斑斓", "真实叶脉"] }]