[{"tag":"head","title":"国际汉学院","display":false},{"tag":"swiper","url":["http://scs.nenu.edu.cn/__local/B/44/E9/5BF42A24FDC39A83C710AE41BF6_DCB0ACF7_E513.jpg"]},{"tag":"h3","text":"国际汉学院"},{"tag":"p","head":"学院简介","text":"东北师范大学是开展汉语国际教育最早的单位之一。早在1954年，东北师范大学就开始派遣教师前往朝鲜、捷克、蒙古、越南等国进行汉语教学。上世纪60年代初，学校开始接收外国留学生来华学习，是最早接收外国留学生的高校之一。"},{"tag":"p","head":"师资力量","text":"学院师资力量比较雄厚，现有专职教师24人，其中教授副教授9人，讲师15人，博士和在读博士教师占教师总数的87.5%。教师队伍中全国汉语国际教育硕士专业教育指导委员会委员1人，国际汉语教师证书考试国家级培训师2人、面试官8人。近些年，学院教师取得了很多高水平的科研成果：国家社科项目3项，教育部项目3项，其他部委级以上项目10项，省级项目15项；发表CSSCI以上论文50余篇，出版教材和专著19部，获得省级以上科研奖励7项。"},{"tag":"p","head":"发展现况","text":"经过近十年的发展和建设，学院已经形成了先进的办学思想，各项工作得到了快速发展，各项事业也取得了一定成效，特别是在专业提升、教师队伍建设等方面更是奠定了良好的发展基础。目前，学院办学指导思想和发展定位明确，教学理念先进，办学方向和办学特色也有长远思考，人才培养、学科建设、教育教学改革、师资队伍发展等都有长足进步，为未来各项工作的顺利推进和国际化事业的持续发展奠定了坚实的基础。"},{"tag":"p","head":"人才培养","text":"外国留学生中非学历语言生是学院主体，学院根据学生的不同需求，积极探索针对性培养模式和培养目标，制定科学合理的特色培养方案；优化课程体系，提高教学质量，使课程设置更宽、更活、更精细；通过体制的不断完善，有效实现非学历语言生、本科生和研究生的合理衔接与过渡；优化管理服务，营造良好环境，建立了学院留学生社团组织和志愿者团队，积极为留学生的学习生活提供多样化服务，营造以中华文化为主，多元文化并存的国际化学院环境；充分发挥第二课堂的作用，并通过丰富多彩的各种活动，增强学生对学院的吸引力。"},{"tag":"p","head":"联系方式","text":"吉林省长春市人民大街5268号\n邮政编码:  130024\n网管信箱：scs@nenu.edu.cn\nTel：(86－431)－84536156\nFax：86-431-85099226"},{"tag":"phone","fName":"国际汉学院","num":"(86－431)－84536156","org":"东北师范大学","street":"吉林省长春市人民大街5268号","postcode":"130024","email":"scs@nenu.edu.cn"},{"tag":"foot","desc":"来源：东北师范大学官网"}]