[{"tag":"head","title":"马克思主义学部","display":false},{"tag":"swiper","url":["http://marx.nenu.edu.cn/__local/5/34/F2/B21A8CEA5E43EF8E1F07E3E6353_2D275594_13965.jpg"]},{"tag":"h3","text":"马克思主义学部"},{"tag":"p","head":"学院简介","text":" 东北师范大学马克思主义学部于2013年2月成立，是整合原马克思主义学院、政法学院的思想政治教育专业（非师范类）和社会学专业的力量成立的实体办学机构。下设马克思主义学院、思想政治教育学院、哲学院、社会学院，设有思想政治教育、哲学、社会工作3个本科专业。统一领导思想理论教育研究所等11个科学研究机构，统一协调思想政治教育研究中心、教育部高校辅导员培训与研修基地。"},{"tag":"p","head":"师资力量","text":"学部现有专任教师78人，其中，教授30人（二级教授6人），副教授29人，讲师19人。学部拥有国务院学位委员会学科评议组成员2人，教育部社会科学学部委员1人，国家级教学名师1人，马克思主义研究和建设工程首席专家1人，全国优秀博士论文指导教师1人，国家新世纪优秀人才3人。"},{"tag":"p","head":"学科建设","text":"东北师范大学是中国共产党为培养干部在东北建立的第一所综合性大学，是全国最早系统开展马克思主义理论教学和研究的高校之一。1981年，首批获辩证唯物主义和历史唯物主义、政治经济学、国际共产主义运动史、中共党史四个硕士学位授予权；2006年，首批获“马克思主义理论”一级学科博士学位授予权；2007年，设立马克思主义理论博士后科研流动站。思想政治教育二级学科为全国三个国家重点学科之一。2008年和2012年，在教育部学位与研究生教育发展中心组织的两次学科评估中，马克思主义理论一级学科在参评高校中均排名并列第三。"},{"tag":"p","head":"人才培养","text":"历近甲子，吾校育英才十九万余，其马克思主义教育皆学院同仁之作为；改革以降，学院育专业博硕英才千余，本科英才百余，实乃桃李芬芳也。究往昔辉煌之底蕴，渊于厚积“信仰弥坚、术业专精、立德成人”之精神。此学院往攀高峰之秉持，再跻宏巅之依皈，当永续贯之！"},{"tag":"p","head":"联系方式","text":"吉林省长春市人民大街5268号\n邮政编码:  130024\nTel：(86－431)－85099562"},{"tag":"phone","fName":"马克思主义学部","num":"(86－431)－85099562","org":"东北师范大学","street":"吉林省长春市人民大街5268号","postcode":"130024"},{"tag":"foot","desc":"来源：东北师范大学官网"}]