[
  {
    "tag": "head",
    "title": "校园卡",
    "grey": true,
    "shareable": true,
    "contact": true
  },
  {
    "tag": "p",
    "head": "校园卡说明",
    "text": "   校园卡是东师校园内的通用消费卡以及身份认证卡，在东师的日常生活与学习中是非常重要的存在，一旦忘带或丢失校园卡会处处受阻。"
  },
  {
    "tag": "list",
    "content": [
      {
        "text": "校园卡主要用途说明",
        "aim": "card7"
      }
    ]
  },
  {
    "tag": "p",
    "head": "校园卡消费功能介绍",
    "text": "    由于校园卡是东师内部的“电子钱包”，学校为了保障大家的资金安全，对校园卡进行了消费上的限制。每张校园卡的初始消费设置为：单次消费限额为20元，每日累计消费限额为100元。当消费金额超过限额，在刷卡时需要输入密码才能完成消费。大家可以根据自身的消费习惯通过自助终端机修改消费限额，并定期更改校园卡密码。",
    "src": "https://mp.nenuyouth.com/img/card/card1.jpg"
  },
  {
    "tag": "p",
    "head": "爱护校园卡",
    "text": "   如果校园卡得到了良好的保存，新生入学时的校园卡就能陪伴你度过大学四年。校园卡是一张IC卡，在日常使用校园卡时请了解以下注意事项：\n  1. 和其他IC卡一样，请将校园卡远离强磁场并避免弯折。\n  2. 在日常使用生活中，请尽量减少对校园卡的磨损，可以考虑为校园卡包上薄而透明的卡套。如果卡套不透明，在用作身份识别时可能拿出费力；如果卡套过厚，在一些机器上可能会难以完成刷卡。"
  },
  {
    "tag": "list",
    "content": [
      {
        "text": "自动终端机",
        "icon": "/module/icon/atm.svg",
        "aim": "card1"
      },
      {
        "text": "使用前准备",
        "desc": "新卡到手后",
        "icon": "/module/icon/prepare.svg",
        "aim": "card2"
      },
      {
        "text": "校园卡丢失",
        "icon": "/module/icon/lost.svg",
        "aim": "card3"
      },
      {
        "text": "更多业务办理",
        "desc": "信息化办",
        "icon": "/module/icon/more.svg",
        "aim": "card4"
      },
      {
        "text": "常见故障及解决办法",
        "icon": "/module/icon/error.svg",
        "aim": "card5"
      },
      {
        "text": "照片？？？",
        "icon": "/module/icon/photo.svg",
        "desc": "为什么它这么丑",
        "aim": "card6"
      }
    ]
  },
  {
    "tag": "foot",
    "author": "Mr.Hope",
    "time": "2019/4/9"
  }
]