[
  {
    "tag": "head",
    "title": "校园卡丢失",
    "shareable": true,
    "contact": true
  },
  {
    "tag": "p",
    "head": "如果校园卡不慎丢失，建议如下：",
    "text": "  1.立即到自助终端机挂失防止被盗。\n  2.通过各个途径(室友、同学、校会君QQ)寻找校园卡。"
  },
  {
    "tag": "gzh",
    "url": "https://mp.weixin.qq.com/s?__biz=MzA5MTQ4NjUzMg==&mid=2651866916&idx=1&sn=2062f413d40aa003f62d8fab081d7f83",
    "src": "http://mmbiz.qpic.cn/mmbiz_png/s67UCDghNJlbtkPQCHp2shtaRdzmyg89PVLIlUicVcrRbISiaer4YS7ksWKSPnUrJkD3fvTS6ePJbDxMUaWAcucg/0?wx_fmt=png",
    "title": "被盗刷可以做的",
    "desc": "被盗刷，只能忍气吞声，默默补办新卡？",
    "icon": "https://mp.nenuyouth.com/img/nenuyouth.png",
    "gzhName": "东师青年"
  },
  {
    "tag": "p",
    "text": "  如果校园卡成功找回，那么就到自助终端机解挂\n  如果没有找到，就到信息化办补办校园卡。"
  },
  {
    "tag": "list",
    "content": [
      {
        "text": "信息化办",
        "icon": "/module/icon/more.svg",
        "aim": "card4"
      }
    ]
  },
  {
    "tag": "p",
    "head": "补卡费用：",
    "text": " ￥20/张"
  },
  {
    "tag": "p",
    "head": "关于补办的卡：",
    "text": "   补办的卡会采用新的校园卡卡号，是一张彻彻底底的新卡。新卡会采用编号新卡会采用默认的消费限额以及校园卡密码，余额为￥0。请自行完成以下步骤：\n 1. 先到自助终端机解挂卡。\n 2. 到自助终端机和生活用水补助机激活直饮机与生活热水；\n 3. 在旧卡挂失两天后通过自助终端机领取旧卡里的余额；\n 4. 立即到自助终端机修改校园卡密码与消费限额；\n 5. 如有需要请重新绑定学子卡；\n 6. 其他注意事项：\n  使用新卡后无法在线或使用自助终端机查询旧卡的流水信息。"
  },
  {
    "tag": "foot",
    "author": "Mr.Hope",
    "time": "2019/6/27"
  }
]