[
  {
    "tag": "head",
    "title": "新卡使用前准备",
    "shareable": true,
    "contact": true
  },
  {
    "tag": "p",
    "text": "   \n当新生同学领取到校园卡或者其他同学补办新卡后，请先进行以下准备工作："
  },
  {
    "tag": "title",
    "text": "激活生活用水"
  },
  {
    "tag": "p",
    "text": "   激活了生活用水才可以刷卡使用洗漱间的热水~往届新生们领到的校园卡生活用水会统一激活，但每届都会有少量卡激活失败，需要重新激活。"
  },
  {
    "tag": "p",
    "head": "激活地点",
    "text": "  北苑大厅西墙，超市楼梯口附近(本部)\n  各寝室楼入口处。"
  },
  {
    "tag": "p",
    "head": "机器外观",
    "text": "   生活用水补助机不是自助终端机，是一个绿色的挂于墙上的机器。机器开关是其顶部的一个按钮。"
  },
  {
    "tag": "p",
    "head": "激活方式",
    "text": "   只需在绿色机器上刷卡两次，第二次听到“刷卡成功，XX元(0元)”的语音即为刷卡成功。以后补办校园卡必须进行此操作。"
  },
  {
    "tag": "p",
    "head": "生活用水圈存",
    "text": "   如果觉得每日18升水不够的话，可以利用补助机对生活用水小钱包进行圈存。将卡放置于补助机的读卡区，在补助机上输入金额，按两次确定键即可对生活用水进行圈存。"
  },
  {
    "tag": "title",
    "text": "修改密码"
  },
  {
    "tag": "img",
    "src": "https://mp.nenuyouth.com/img/card/card4.png",
    "desc": "自助终端机界面"
  },
  {
    "tag": "p",
    "text": "   在领取到新的校园卡时，初始密码为身份证号后六位，末尾为X用1代替。领取新卡后，强烈建议使用自助终端机修改初始密码。"
  },
  {
    "tag": "p",
    "head": "具体步骤",
    "text": "   点击左侧第一项自助服务，点击第第二行二个选项修改密码，输入旧密码、新密码、按确定即可完成修改密码操作。(如忘记密码请本人持有效身份证件到信息化办办理重置密码)"
  },
  {
    "tag": "img",
    "src": "https://mp.nenuyouth.com/img/card/card5.png",
    "desc": "自助服务界面"
  },
  {
    "tag": "img",
    "src": "https://mp.nenuyouth.com/img/card/card6.png",
    "desc": "修改密码界面"
  },
  {
    "tag": "p",
    "text": "   消费的时候校园卡每次只能消费20元，超过20元需要分多次刷卡，或者可以修改消费限额。"
  },
  {
    "tag": "p",
    "head": "修改消费限额:",
    "text": "   点击页面左侧自助服务，再点击修改限额，输入校园卡密码、新限额限额按确定即可完成修改限额操作。"
  },
  {
    "tag": "img",
    "src": "https://mp.nenuyouth.com/img/card/card7.png",
    "desc": "修改限额界面"
  },
  {
    "tag": "title",
    "text": "向校园卡储值"
  },
  {
    "tag": "p",
    "head": "方法一",
    "text": "   在自助终端机绑定银行卡(学校发的交行学子卡无需开通网银即可绑定)，直接从银行卡中转钱至校园卡中。"
  },
  {
    "tag": "img",
    "src": "https://mp.nenuyouth.com/img/card/card8.png",
    "desc": "银行服务列表图"
  },
  {
    "tag": "p",
    "head": "绑定银行卡:",
    "text": "   点击左侧第二项银行服务，再点击第三项项申请绑定，填写身份证号和校园卡密码后按确定即可完成绑定。"
  },
  {
    "tag": "img",
    "src": "https://mp.nenuyouth.com/img/card/card9.png",
    "desc": "绑定界面"
  },
  {
    "tag": "p",
    "head": "转账:",
    "text": "   点击左侧第二项银行服务，再点击第二行银校转账，填写身份证号、银行卡号、卡密码后点击确定申请转账，输入转账金额、校园卡密码点击转账。"
  },
  {
    "tag": "img",
    "src": "https://mp.nenuyouth.com/img/card/card10.png",
    "desc": "申请转账界面"
  },
  {
    "tag": "img",
    "src": "https://mp.nenuyouth.com/img/card/card11.png",
    "desc": "转账界面"
  },
  {
    "tag": "p",
    "head": "Tips:",
    "text": "   校园卡每次最多充值200元，如果想要充值更多钱可以分次充值，但校园卡总额务必不要达到4位数即一千元以上，否则在普通卡机上刷卡会报错。如果不小心转账超过一千元，请本人持卡到信息化办处理。"
  },
  {
    "tag": "p",
    "head": "方法二",
    "text": "   将支付宝与校园卡绑定，从支付宝转账到校园卡。"
  },
  {
    "tag": "p",
    "head": "支付宝绑定与转账:",
    "text": "  进入支付宝，在首页更多找到大学生活，并点击一卡通，进入充值页面。第一次使用需要要填写学校、姓名和学号，输入充值金额点击充值即可，下次充值无需再次输入姓名学号。"
  },
  {
    "tag": "img",
    "src": "https://mp.nenuyouth.com/img/card/Alipay1.jpg",
    "desc": "进入支付宝主页点击更多"
  },
  {
    "tag": "img",
    "src": "https://mp.nenuyouth.com/img/card/Alipay2.jpg",
    "desc": "进入大学生活"
  },
  {
    "tag": "img",
    "src": "https://mp.nenuyouth.com/img/card/Alipay3.jpg",
    "desc": "点击一卡通"
  },
  {
    "tag": "p",
    "text": "   第一次绑定并转账后，再次打开就会显示校园卡并可以直接转账。界面右上角可以刷新卡余额。"
  },
  {
    "tag": "p",
    "head": "Tips:",
    "text": "   在高峰期转账可能会显示与学校一卡通服务连接超时，重试即可。夜间学校一卡通服务会进行短暂维护届时无法充值或查询余额。\n支付宝转完账后，余额可能不能立即更新，需要稍等几分钟，所以请务必提前圈存。"
  },
  {
    "tag": "p",
    "head": "方法三",
    "text": "   使用微信充值校园卡"
  },
  {
    "tag": "p",
    "head": "微信绑定与转账:",
    "text": "  扫描下方二维码，关注企业号。"
  },
  {
    "tag": "img",
    "src": "https://mp.nenuyouth.com/img/card/card2.png"
  },
  {
    "tag": "img",
    "src": "https://mp.nenuyouth.com/img/card/card3.jpg",
    "desc": "关注企业号之后点击欢迎关注中的消息卡片输入账号密码完成认证"
  },
  {
    "tag": "img",
    "src": "https://mp.nenuyouth.com/img/card/card4.jpg",
    "desc": "之后点击校园卡"
  },
  {
    "tag": "img",
    "src": "https://mp.nenuyouth.com/img/card/card13.jpg",
    "desc": "点击右下角校园卡充值"
  },
  {
    "tag": "p",
    "text": "   直接输入充值金额点击付款即可"
  },
  {
    "tag": "p",
    "head": "Tips:",
    "text": "   在高峰期转账可能会显示与学校一卡通服务连接超时，重试即可。夜间学校一卡通服务会进行短暂维护届时无法充值或查询余额。\n支付宝转完账后，余额可能不能立即更新，需要稍等几分钟，所以请务必提前圈存。"
  },
  {
    "tag": "foot",
    "author": "Mr.Hope",
    "time": "2019/6/27"
  }
]