[
  {
    "tag": "head",
    "title": "本部周边",
    "shareable": true,
    "contact": true
  },
  {
    "tag": "title",
    "text": "桂林路"
  },
  {
    "tag": "p",
    "text": "桂林路距离本部最近，乃是吃货的天堂，撸串的圣地，这里的小吃店与餐馆可谓是遍地都是，学长学姐们都会知道一些不错的店，可以让他们推荐一下，同时这里还有一些KTV或者酒吧之类的地方，聚会什么的最适合了。"
  },
  {
    "tag": "p",
    "head": "大型超市:",
    "text": "恒客隆，可以去那里采购物品"
  },
  {
    "tag": "p",
    "head": "电影院:",
    "text": "华影(较为便宜)"
  },
  {
    "tag": "p",
    "head": "写给路痴：",
    "text": "本部校区北门向左拐走600米后(中间过一个十字路口)至7.8购物广场后向右拐。"
  },
  {
    "tag": "title",
    "text": "红旗街"
  },
  {
    "tag": "p",
    "text": "周围主要建筑有吉林省人民医院、朝阳公园。另外还有万达广场、欧亚商都以及大量的商店与食品店，是女生购物的不二之选；还有百脑汇科技大厦，为长春著名综合性IT商场，可购买、维修、保养电脑等。"
  },
  {
    "tag": "p",
    "head": "大型超市:",
    "text": "永辉超市"
  },
  {
    "tag": "p",
    "head": "电影院:",
    "text": "万达影城"
  },
  {
    "tag": "p",
    "head": "写给路痴：",
    "text": "于北门动植物公园站乘267路、228路、25路公交至百脑汇站下车后直行100米；或乘218路、238路至朝阳公园站下车。"
  },
  {
    "tag": "title",
    "text": "重庆路"
  },
  {
    "tag": "p",
    "text": "长春的重量级商业街，主要商场有长春百货大楼(简称“长百”)、亚泰富苑购物中心等，长春市中心医院也位于此，好吃好玩的地方也数不胜数。"
  },
  {
    "tag": "p",
    "head": "大型超市:",
    "text": "沃尔玛"
  },
  {
    "tag": "p",
    "head": "电影院:",
    "text": "万达影城、中影"
  },
  {
    "tag": "p",
    "head": "写给路痴：",
    "text": "于北门动植物公园站乘160路公交至重庆路站下车；或于西门（正门）自由大路站乘124路、6路、306路、66路至重庆路下；也可以乘地铁1号线至人民广场，后向北走100米即可。"
  },
  {
    "tag": "title",
    "text": "文昌路"
  },
  {
    "tag": "p",
    "text": "从学校南门出来就是文昌路，路的对面便是吉大南岭校区，文昌路以晚上的街边小吃最有特色，也有不少的小饭店，适合和朋友们小搓一顿。文昌路上的水果也不错哦。"
  },
  {
    "tag": "p",
    "head": "写给路痴：",
    "text": "从南门出来左拐走100米就能看到很多店面和摊位。"
  },
  {
    "tag": "img",
    "src": "https://pic.kuaizhan.com/g2/M01/80/E9/CgpQVFl9y0qAcYgOACeGR-7Eu9s6558784/imageView/v1/thumbnail/640x0"
  },
  {
    "tag": "title",
    "text": "净月周边"
  },
  {
    "tag": "p",
    "text": "净月校区远离市中心，因此在附近购物、娱乐的话主要还是去迅驰广场和后街。"
  },
  {
    "tag": "title",
    "text": "迅驰广场"
  },
  {
    "tag": "p",
    "text": "迅驰广场以商业为主，离净月校区非常近。可以在这里吃饭、购物(有沃尔玛)、看电影等，沿新大学城路向西走亦有许多美食饭店。"
  },
  {
    "tag": "p",
    "head": "写给路痴：",
    "text": "净月校区从田径场旁的小门出去，沿路向前经过居民区，大约5分钟即可到达。"
  },
  {
    "tag": "title",
    "text": "后街"
  },
  {
    "tag": "p",
    "text": "从后门出去就是后街，和文昌路一样是大学校区必不可缺少的一条街。"
  },
  {
    "tag": "p",
    "head": "写给路痴：",
    "text": "净月校区5号门正对的街巷"
  },
  {
    "tag": "foot",
    "time": "2019/6/19"
  }
]