[{"tag":"head","title":"北苑一楼","shareable":true,"contact":true},{"tag":"h3","text":"基本餐"},{"tag":"p","head":"基本餐价格","text":"米饭￥0.25/两；\n素菜￥1—￥2.5，荤菜￥2.5—￥3.5。"},{"tag":"p","head":"基本餐供应时间","text":"早餐供应时间为：6:30-9:00\n(供应面条、粥、豆浆、包子、炒菜等)"},{"tag":"img","src":"https://mp.nenuyouth.com/img/dining/dining3.jpg"},{"tag":"img","src":"https://mp.nenuyouth.com/img/dining/dining4.jpg"},{"tag":"img","src":"https://mp.nenuyouth.com/img/dining/dining5.jpg","desc":"早餐主食区"},{"tag":"p","head":false,"text":"午餐供应时间为：11:00-12:30；\n晚餐供应时间为：16:30-18:00"},{"tag":"img","src":"https://mp.nenuyouth.com/img/dining/dining6.jpg","desc":"餐盘餐具"},{"tag":"img","src":"https://mp.nenuyouth.com/img/dining/dining7.jpg","desc":"荤菜区"},{"tag":"img","src":"https://mp.nenuyouth.com/img/dining/dining8.jpg","desc":"北苑基本餐真诚服务同学"},{"tag":"img","src":"https://mp.nenuyouth.com/img/dining/dining9.jpg","desc":"北苑一楼北侧"},{"tag":"foot","author":"Mr.Hope","time":"2019/4/9"}]