[{
        "tag": "head",
        "title": "开发日志",
        "grey": true
    },
    {
        "tag": "p",
        "head": "小程序特性：",
        "text": "&emsp;&emsp;独家主题模式，已经初步构建三种主题并可自由切换；iOS主题实现99%界面仿真，已实现iOSnav特性动画。\n&emsp;&emsp;独家夜间模式，可定时开启或手动开启，优化夜间显示效果。\n&emsp;&emsp;东师指南所有子界面实现动态加载，拉取指定的json文件完成界面构建；所有界面文件支持Wifi下下载并本地缓存，界面文件更新时具有更新提示；每个界面都可以弹窗通知，同时界面支持分享。"
    },
    {
        "tag": "p",
        "head": "已知bug：",
        "text": "大屏显示仍在适配中"
    },
    {
        "tag": "p",
        "head": "即将实现的内容：",
        "text": "利用head对微信主题tabbar加入阴影；\n构建双排img组件；\n微信列表改为点击展开样式；\nphone组件与doc组件宽度自调整；"
    },
    {
        "tag": "p",
        "head": "暂无法实现实现的内容：",
        "text": "限制wx.request最大并发数；\nlogin界面布局动画异常；\np标签使用text，text2，text3分段；\n绩点计算器输入时键盘异常收起；\n绩点计算器夜间模式显示异常；"
    },
    {
        "tag": "p",
        "head": "等待官方改进才能实现的内容：",
        "text": "regionchange多次触发；\niOSpicker-view夜间模式异常；\nbutton的open-type；"
    },
    {
        "tag": "list",
        "head": "日志如下：",
        "content": [{
                "text": "alpha日志",
                "aim": "log1"
            },
            {
                "text": "V0.1开发日志",
                "aim": "log2"
            },
            {
                "text": "V0.2开发日志",
                "aim": "log3"
            },
            {
                "text": "V0.3开发日志",
                "aim": "log4"
            },
            {
                "text": "V0.4开发日志",
                "aim": "log5"
            },
            {
                "text": "V0.5开发日志",
                "aim": "log6"
            },
            {
                "text": "V0.6开发日志",
                "aim": "log7"
            },
            {
                "text": "V0.7开发日志",
                "aim": "log8"
            },
            {
                "text": "V0.8开发日志",
                "aim": "log9"
            },
            {
                "text": "V0.9开发日志",
                "aim": "log10"
            },
            {
                "text": "V1.0开发日志",
                "aim": "log10"
            }
        ]
    }
]