[{"tag":"head","title":"校园网","grey":true,"shareable":true,"contact":true},{"tag":"p","head":"校园网简介","text":"   当同学们在校内时，可以使用校园网来进行上网。目前东北师范大学与联通公司合作为大家提供互联网访问服务，在日常使用时，可能会偶尔出现网速波动、延迟上升、网络不稳的情况，请同学们不要惊慌，这太正常了，就像你每天都要吃饭喝水一样。(•̀ω•́)✧"},{"tag":"p","head":"认证方式","text":"   校园网使用网页认证方式，认证网址为“portal.nenu.edu.cn”。在认证上网时，请使用邮箱及密码。\n   请注意在图书馆电子阅览室登录的话就不是使用邮箱账号密码，而是用学号和初始密码登录，初始密码可以自己修改。\n   关于更多校园身份账户的详情请点击下方的“统一身份认证”。"},{"tag":"p","head":"校园网优势","text":"   使用校园网上网会被认证为东北师范大学企业用户，可以享有一些特权，比如免费下载知网论文。"},{"tag":"p","head":"校园网价格","text":"   无论是有线网还是无线网，均采用网页认证的方式，按时付费。最多可以同时在线三台终端(多台在线多倍扣费)，价格为￥0.03/h，扣费时长计算精确到秒。"},{"tag":"p","head":"校园网缴费方式","text":"有两种缴费方式：\n 1. 在校内自助终端机内缴费；\n 2. 在东北师范大学微信企业号——【校园卡】栏目进行缴费。"},{"tag":"list","head":"了解更多","content":[{"text":"有线上网","icon":"/module/icon/ethernet.svg","aim":"network1"},{"text":"无线上网","icon":"/module/icon/wifi.svg","aim":"network2"},{"text":"统一身份认证","icon":"/module/icon/about.svg","aim":"network3"}]},{"tag":"foot","author":"Mr.Hope","time":"2019/4/9"}]