[
  {
    "tag": "head",
    "title": "统一身份认证",
    "shareable": true,
    "contact": true
  },
  {
    "tag": "p",
    "text": "\n   学校为每个人分配了一个统一身份，这个身份就是你的邮箱账号和密码，使用它你才能登录校园网，进入内网(可以看到是否欠书未还，校园卡里的余额等等)，进入本科生或研究生选课平台，查成绩，查课表，访问BB平台、本科教学服务系统等等，各种与信息化有关的操作都需要这个统一身份。"
  },
  {
    "tag": "title",
    "text": "修改密码及邮箱绑定"
  },
  {
    "tag": "p",
    "text": " (1) 利用浏览器访问：http://account.nenu.edu.cn;\n (2) 输入学号(校园卡下方的10位数字)和密码(Nenu+身份证后六位，X用1代替)；\n (3) 在“账号信息”中查看自己的邮箱号(****@nenu.edu.cn)；\n (4) 点击“修改密码”，修改初始密码；\n (5) 点击“绑定邮箱/绑定手机/绑定微信/保护问题”进行个人信息的绑定，便于密码丢失后自助找回。"
  },
  {
    "tag": "foot",
    "author": "Mr.Hope",
    "time": "2019/4/9"
  }
]