[{ "tag": "head", "title": "坐飞机-到净月", "shareable": true, "contact": true }, { "tag": "h3", "text": "动车-其他(动车价格便宜，车次频繁，速度快，推荐)" }, { "tag": "p", "text": "   先坐动车到长春站，约15分钟，每天大约有16趟车(一等座：10.5元；二等座：8.5元)" }, { "tag": "p", "text": "   下飞机之后，需要走出机场，经过天桥既是动车站。可以提前在12306APP上购买动车票，外面取票人多，过安检之后有取票机人少取票便捷。" }, { "tag": "list", "content": [{ "text": "火车站-净月", "icon": "/module/icon/train.svg", "aim": "check18" }] }, { "tag": "h3", "text": "打车" }, { "tag": "p", "text": "   机场-市内80-90元(不含高速费)，市内-净月校区20，讲价完大约100多点。可以走机场高速-长平高速，到净月收费站下，40分钟左右。" }, { "tag": "h3", "text": "机场大巴-公交" }, { "tag": "p", "text": "   乘坐机场大巴到人民广场(20元)，转乘160(2元)至东北师范大学站。全程2小时左右。" }, { "tag": "foot", "author": "Mr.Hope", "time": "2018/09/18" }]