[
  {
    "tag": "head",
    "title": "类型及评定时间",
    "shareable": true,
    "contact": true
  },
  {
    "tag": "title",
    "text": " 类型"
  },
  {
    "tag": "img",
    "src": "https://mp.nenuyouth.com/img/study/scholarship.jpg"
  },
  {
    "tag": "title",
    "text": "评定时间"
  },
  {
    "tag": "p",
    "head": "9月",
    "text": "宝钢奖学金"
  },
  {
    "tag": "p",
    "head": "10月",
    "text": "国家奖学金\n学年奖学金(包括校长奖学金、一等奖学金、二等奖学金、三等奖学金)\n单项奖学金\n国家励志奖学金\n叶圣陶奖学金"
  },
  {
    "tag": "p",
    "head": "次年3月",
    "text": "明德奖学金"
  },
  {
    "tag": "p",
    "head": "次年6月",
    "text": "学年奖学金(针对毕业生)"
  },
  {
    "tag": "foot",
    "author": "Mr.Hope",
    "time": "2019/6/27"
  }
]