[{ "tag": "head", "title": "功能太少", "shareable": true, "contact": true }, { "tag": "h3", "text": "为什么小程序功能这么少" }, { "tag": "p", "text": "   Mr.Hope希望服务于东师学子，故Mr.Hope自2017年以来，利用自己的业余时间。不断开发小程序。但由于Mr.Hope专业是物理学，在小程序开发的过程中Mr.Hope需要学习大量的相关知识，所以从开发至小程序发的半年间，仅添加了部分功能。Mr.Hope会在接下来的时间里，努力完善小程序的。" }, { "tag": "p", "text": "   此外，由于小程序主体是Mr.Hope个人，很多开发完成的功能在审核途中被阉割掉了。Mr.Hope正在努力与腾讯协商已开发功能的上架问题同时正在筹备更换企业主体。请大家耐心等待。" }, { "tag": "img", "src": "https://mp.nenuyouth.com/img/MrHope/MrHope.jpg", "desc": "审核消息记录及未通过审核的部分功能" }, { "tag": "foot", "author": "Mr.Hope" }]