[{ "tag": "head", "title": "Mr.Hope个人简介", "shareable": true, "contact": true }, { "tag": "h3", "text": "Mr.Hope个人简历" }, { "tag": "p", "text": "   Mr.Hope，男，1998年生于辽宁省，现为东北师范大学16级本科生，专业为物理学。" }, { "tag": "p", "text": "   在大学入学后，Mr.Hope一直利用闲暇时间自学前端开发，服务器搭建、维护等相关知识，并致力于服务东师学子。Mr.Hope同时参与了大量的学生工作，包括在年级、院团委、校学生会、厚普公益学校等服务他人。" }, { "tag": "p", "head": "★所获荣誉★", "text": " 第十一届 DI 创新思维中国区总决赛一等奖\n 2016 年 DI 创新思维吉林省总决赛即时挑战第一名\n 2016 年 DI 创新思维吉林省总决赛一等奖" }, { "tag": "p", "head": "★主要学生干部经历★", "text": " 2016年10月至2017年9月——任物理学院16级4班班长\n 2016年9月至2017年3月——任物理学院团委宣传部干事\n 2016年9月至2018年6月——任厚普公益学校高中化学组教师\n 2016年12月至2017年12月——就职校学生会新媒体中心产品部\n 2017年3月至2018年3月——任物理学院团委网络工作室部员\n 2017年9月-2018年7月——任物理学院2016级技术顾问\n 2017年12月至今——任校新媒体中心功能部部长\n 2018年3月至今——任物理学院团委技术顾问" }, { "tag": "foot", "author": "Mr.Hope", "time": "2018/08/13" }]