[{"tag":"head","title":"申请流程","shareable":true,"contact":true},{"tag":"h3","text":"资助申请流程"},{"tag":"p","head":false,"text":"入学后，学校统一组织资助对象认定，对于获得资助对象资格的家庭经济困难学生给予相应资助。"},{"tag":"h3","text":"资助对象申请流程"},{"tag":"img","src":"https://pic.kuaizhan.com/g1/M01/90/75/wKjmqVl8jQuABA5-AAAY6X0YK2o1398622/imageView/v1/thumbnail/640x0"},{"tag":"h3","text":"勤工助学岗位申请流程"},{"tag":"img","src":"https://pic.kuaizhan.com/g1/M00/90/75/wKjmqVl8jQyAcBHIAAAwWIM0kLY4581472/imageView/v1/thumbnail/640x0"},{"tag":"foot","author":"Mr.Hope","time":"2019/4/9"}]