[
  {
    "tag": "head",
    "title": "课程学习",
    "shareable": true,
    "contact": true
  },
  {
    "tag": "title",
    "text": "易班网2019新生注册认证"
  },
  {
    "tag": "p",
    "text": "   请注意，目前校方认证并未开放，请等到8月6日之后再进行如下操作。"
  },
  {
    "tag": "p",
    "head": "Web端注册认证流程",
    "text": "   打开www.yiban.cn，点右上角的【注册】按钮，按照要求填写基本信息。直接点击【马上去校方认证】，填写学校(东北师范大学)、真实姓名和学号（录取通知书编号，2019开头的10位数字），点击【立即认证】，完成校方认证。"
  },
  {
    "tag": "p",
    "head": "客户端注册认证流程",
    "text": "   点击【没有账号】进行注册。输入手机号，点击获取短信验证码后输入图形验证码，图形验证码正确后验证码会以短信形式发送。直接点击【马上去校方认证】，填写学校(东北师范大学)、真实姓名和学号（录取通知书编号，2019开头的10位数字），点击【立即认证】，完成校方认证。"
  },
  {
    "tag": "p",
    "head": "Tips：",
    "text": "   注册/认证完成后会自动与学校机构号成为好友，并且加入自己的学院以及2019新生学院。"
  },
  {
    "tag": "title",
    "text": "课程学习流程"
  },
  {
    "tag": "p",
    "text": "   点击下图中的红圈 ↓"
  },
  {
    "tag": "img",
    "src": "https://mp.nenuyouth.com/img/FAQ/FAQ1.png"
  },
  {
    "tag": "p",
    "text": "   之后搜索东北师范大学即可进入如图所示的界面 ↓"
  },
  {
    "tag": "img",
    "src": "https://mp.nenuyouth.com/img/FAQ/FAQ2.png"
  },
  {
    "tag": "p",
    "text": "   再点击播放之后会黑屏几秒，请耐心等待即会开始播放。"
  },
  {
    "tag": "foot",
    "author": "Mr.Hope",
    "time": "2019/7/30"
  }
]