[
  {
    "tag": "head",
    "title": "导员姓名与联系方式",
    "shareable": true,
    "contact": true
  },
  {
    "tag": "title",
    "text": "本部"
  },
  {
    "tag": "p",
    "head": "教育学部",
    "text": " 翁灏：18744046552"
  },
  {
    "tag": "p",
    "head": "心理学院",
    "text": " 季驰：15844081503\n 0431-85099535"
  },
  {
    "tag": "p",
    "head": "文学院",
    "text": " 周思瑞：13029120183"
  },
  {
    "tag": "p",
    "head": "历史文化学院",
    "text": " 曾艳：15567767666"
  },
  {
    "tag": "p",
    "head": "外国语学院",
    "text": " 方鑫：15567767666"
  },
  {
    "tag": "p",
    "head": "马克思主义学部",
    "text": " 张博岩：18686467373"
  },
  {
    "tag": "p",
    "head": "统计学院",
    "text": " 李欣宇：18626696118"
  },
  {
    "tag": "p",
    "head": "物理学院",
    "text": " 刘雨婷：19969508346\n 0431-85099890"
  },
  {
    "tag": "p",
    "head": "化学学院",
    "text": " 渠文洁：18946617899"
  },
  {
    "tag": "p",
    "head": "生命科学学院",
    "text": " 赵睿：18629938868"
  },
  {
    "tag": "p",
    "head": "地理科学学院",
    "text": " 王玉：13159609048"
  },
  {
    "tag": "p",
    "head": "体育学院",
    "text": " 李春桥：15104310022"
  },
  {
    "tag": "title",
    "text": "净月"
  },
  {
    "tag": "p",
    "head": "政法学院",
    "text": " 刘梦桃：15526882516"
  },
  {
    "tag": "p",
    "head": "经济学院",
    "text": " 王洋：18844176275"
  },
  {
    "tag": "p",
    "head": "商学院",
    "text": " 赵梓名：17644035632\n 龙萌颖：18200590209 \n 0431-84537521"
  },
  {
    "tag": "p",
    "head": "外国语学院",
    "text": " 祝贺：13196099160"
  },
  {
    "tag": "p",
    "head": "音乐学院",
    "text": " 赵琳：18543118181\n 0431-84536317"
  },
  {
    "tag": "p",
    "head": "美术学院",
    "text": " 于磊：18686660692\n 张振宇：13694307121"
  },
  {
    "tag": "p",
    "head": "信息技术与科学学院",
    "text": " 贾保龙：18686533051\n 0431-84536300"
  },
  {
    "tag": "p",
    "head": "环境学院",
    "text": " 李康靖：17644028711"
  },
  {
    "tag": "p",
    "head": "传媒学院(新闻学院)",
    "text": " 王翘楚：13196006005"
  },
  {
    "tag": "foot",
    "author": "Mr.Hope",
    "time": "2019/7/25"
  }
]