[
  {
    "tag": "head",
    "title": "报道时间",
    "shareable": true,
    "contact": true
  },
  {
    "tag": "p",
    "style": "font-weight:600;font-size:24px;",
    "text": "8月13日-8月16日"
  },
  {
    "tag": "title",
    "text": "我可以什么时候到"
  },
  {
    "tag": "p",
    "text": "   同学在这几天什么时候到都行，如果要在12号及12号以前，只要不早到8月4、5号那种，住进寝室肯定没问题。但是务必要跟导员提前联系。因为你们敬爱的导员可能需要提前去把你的钥匙弄到再给你办张校园卡。"
  },
  {
    "tag": "title",
    "text": "早到好么"
  },
  {
    "tag": "p",
    "head": "不好！",
    "text": "   除了少数的专职辅导员之外，大部分辅导员都是刚毕业的大四学生。他们整个假期本来就忙于辅导员培训，为迎接你们做各种准备工作已经很累了。你们遭到无疑会加重他们的工作负担，因为你来了他们就要做好辅导员应该做的，给予你关心，时常联系你确保你的安全，每天注意查看你是否按时归寝，而且还要为你准备好寝室钥匙和校园卡。所以如果你是以早到过来熟悉环境或者是想和家人在长春玩一玩的想法想在11号之前来，Mr.Hope真心奉劝同学打消这个念头。你要在长春待4年的时间，大学能够让你变得独立，这四年你有足够的闲暇逛遍长春，让你的父母送你到学校之后转转就可以了。半个月的军训除了训练也没有什么其他的事情可以做，这段时间你就有足够的时间熟悉整个校园了，毕竟无论是本部还是净月校园也没有多大，还不如好好在家呆两天。"
  },
  {
    "tag": "title",
    "text": "其他事项"
  },
  {
    "tag": "p",
    "text": "   与其兴致勃勃的等待来学校报道，不如趁这个假期做点有意思的事情，开学英语就要分班了，可以看看英语，如果想读研究生的话，英语也是查看论文必不可少的技能。同时一定要多花点时间陪陪父母，多和他们聊聊天说说话，和他们在一起干干活，提升一下自己的生活能力。不要来到大学都不会洗衣服，做饭也可以学一学。不只是你会想家，你的父母可能也还不习惯缺少了你的家，他们可能也会想你，而到了这个时间段，他们也在慢慢变老，可能你每个学期回家，可能都会发现他们多了几条皱纹、多了几丝白发。Mr.Hope最恳切的建议，就是让你们多陪陪父母，多动手干干活，感受亲情的同时让自己变得自立。可不要开学来了袜子都往洗衣机里丢。"
  },
  {
    "tag": "foot",
    "author": "Mr.Hope",
    "time": "2019/7/25"
  }
]